"status","period_folder","area_folder","center_folder","relative_path","on_desktop","on_github"
"presente_in_entrambi","01_P1 · Prima del 3000 a.C. — Neolitico e pr…","01_Asia sud-occidentale e altopiano iran…","01_Gerico","01_P1 · Prima del 3000 a.C. — Neolitico e pr…/01_Asia sud-occidentale e altopiano iran…/Centri abitati/01_Gerico","True","True"
"presente_in_entrambi","01_P1 · Prima del 3000 a.C. — Neolitico e pr…","01_Asia sud-occidentale e altopiano iran…","02_Catalhoyuk","01_P1 · Prima del 3000 a.C. — Neolitico e pr…/01_Asia sud-occidentale e altopiano iran…/Centri abitati/02_Catalhoyuk","True","True"
"presente_in_entrambi","01_P1 · Prima del 3000 a.C. — Neolitico e pr…","01_Asia sud-occidentale e altopiano iran…","02_Çatalhöyük","01_P1 · Prima del 3000 a.C. — Neolitico e pr…/01_Asia sud-occidentale e altopiano iran…/Centri abitati/02_Çatalhöyük","True","True"
"presente_in_entrambi","01_P1 · Prima del 3000 a.C. — Neolitico e pr…","01_Asia sud-occidentale e altopiano iran…","03_Abu_Hureyra","01_P1 · Prima del 3000 a.C. — Neolitico e pr…/01_Asia sud-occidentale e altopiano iran…/Centri abitati/03_Abu_Hureyra","True","True"
"presente_in_entrambi","01_P1 · Prima del 3000 a.C. — Neolitico e pr…","01_Asia sud-occidentale e altopiano iran…","03_villaggi del Levante e dell'Anatolia","01_P1 · Prima del 3000 a.C. — Neolitico e pr…/01_Asia sud-occidentale e altopiano iran…/Centri abitati/03_villaggi del Levante e dell'Anatolia","True","True"
"presente_in_entrambi","01_P1 · Prima del 3000 a.C. — Neolitico e pr…","01_Asia sud-occidentale e altopiano iran…","04_Ain_Ghazal","01_P1 · Prima del 3000 a.C. — Neolitico e pr…/01_Asia sud-occidentale e altopiano iran…/Centri abitati/04_Ain_Ghazal","True","True"
"presente_in_entrambi","01_P1 · Prima del 3000 a.C. — Neolitico e pr…","01_Asia sud-occidentale e altopiano iran…","04_Uruk emerge alla fine del periodo","01_P1 · Prima del 3000 a.C. — Neolitico e pr…/01_Asia sud-occidentale e altopiano iran…/Centri abitati/04_Uruk emerge alla fine del periodo","True","True"
"presente_in_entrambi","01_P1 · Prima del 3000 a.C. — Neolitico e pr…","01_Asia sud-occidentale e altopiano iran…","05_Cayonu","01_P1 · Prima del 3000 a.C. — Neolitico e pr…/01_Asia sud-occidentale e altopiano iran…/Centri abitati/05_Cayonu","True","True"
"presente_in_entrambi","01_P1 · Prima del 3000 a.C. — Neolitico e pr…","01_Asia sud-occidentale e altopiano iran…","06_Uruk","01_P1 · Prima del 3000 a.C. — Neolitico e pr…/01_Asia sud-occidentale e altopiano iran…/Centri abitati/06_Uruk","True","True"
"presente_in_entrambi","01_P1 · Prima del 3000 a.C. — Neolitico e pr…","02_Valle del Nilo e Africa nord-orientale","01_comunità predinastiche lungo il Nilo e ne…","01_P1 · Prima del 3000 a.C. — Neolitico e pr…/02_Valle del Nilo e Africa nord-orientale/Centri abitati/01_comunità predinastiche lungo il Nilo e ne…","True","True"
"presente_in_entrambi","01_P1 · Prima del 3000 a.C. — Neolitico e pr…","02_Valle del Nilo e Africa nord-orientale","01_Merimde_Beni_Salama","01_P1 · Prima del 3000 a.C. — Neolitico e pr…/02_Valle del Nilo e Africa nord-orientale/Centri abitati/01_Merimde_Beni_Salama","True","True"
"presente_in_entrambi","01_P1 · Prima del 3000 a.C. — Neolitico e pr…","02_Valle del Nilo e Africa nord-orientale","02_Maadi","01_P1 · Prima del 3000 a.C. — Neolitico e pr…/02_Valle del Nilo e Africa nord-orientale/Centri abitati/02_Maadi","True","True"
"presente_in_entrambi","01_P1 · Prima del 3000 a.C. — Neolitico e pr…","02_Valle del Nilo e Africa nord-orientale","03_El_Badari","01_P1 · Prima del 3000 a.C. — Neolitico e pr…/02_Valle del Nilo e Africa nord-orientale/Centri abitati/03_El_Badari","True","True"
"presente_in_entrambi","01_P1 · Prima del 3000 a.C. — Neolitico e pr…","02_Valle del Nilo e Africa nord-orientale","04_Naqada","01_P1 · Prima del 3000 a.C. — Neolitico e pr…/02_Valle del Nilo e Africa nord-orientale/Centri abitati/04_Naqada","True","True"
"presente_in_entrambi","01_P1 · Prima del 3000 a.C. — Neolitico e pr…","02_Valle del Nilo e Africa nord-orientale","05_Hierakonpolis","01_P1 · Prima del 3000 a.C. — Neolitico e pr…/02_Valle del Nilo e Africa nord-orientale/Centri abitati/05_Hierakonpolis","True","True"
"presente_in_entrambi","01_P1 · Prima del 3000 a.C. — Neolitico e pr…","03_Asia meridionale","01_Mehrgarh","01_P1 · Prima del 3000 a.C. — Neolitico e pr…/03_Asia meridionale/Centri abitati/01_Mehrgarh","True","True"
"presente_in_entrambi","01_P1 · Prima del 3000 a.C. — Neolitico e pr…","03_Asia meridionale","01_Mehrgarh e insediamenti neolitici del Bel…","01_P1 · Prima del 3000 a.C. — Neolitico e pr…/03_Asia meridionale/Centri abitati/01_Mehrgarh e insediamenti neolitici del Bel…","True","True"
"presente_in_entrambi","01_P1 · Prima del 3000 a.C. — Neolitico e pr…","03_Asia meridionale","02_Kili_Gul_Muhammad","01_P1 · Prima del 3000 a.C. — Neolitico e pr…/03_Asia meridionale/Centri abitati/02_Kili_Gul_Muhammad","True","True"
"presente_in_entrambi","01_P1 · Prima del 3000 a.C. — Neolitico e pr…","03_Asia meridionale","03_Rehman_Dheri","01_P1 · Prima del 3000 a.C. — Neolitico e pr…/03_Asia meridionale/Centri abitati/03_Rehman_Dheri","True","True"
"presente_in_entrambi","01_P1 · Prima del 3000 a.C. — Neolitico e pr…","03_Asia meridionale","04_Harappa_Ravi","01_P1 · Prima del 3000 a.C. — Neolitico e pr…/03_Asia meridionale/Centri abitati/04_Harappa_Ravi","True","True"
"presente_in_entrambi","01_P1 · Prima del 3000 a.C. — Neolitico e pr…","03_Asia meridionale","05_Kot_Diji","01_P1 · Prima del 3000 a.C. — Neolitico e pr…/03_Asia meridionale/Centri abitati/05_Kot_Diji","True","True"
"presente_in_entrambi","01_P1 · Prima del 3000 a.C. — Neolitico e pr…","04_Asia orientale","01_Jiahu","01_P1 · Prima del 3000 a.C. — Neolitico e pr…/04_Asia orientale/Centri abitati/01_Jiahu","True","True"
"presente_in_entrambi","01_P1 · Prima del 3000 a.C. — Neolitico e pr…","04_Asia orientale","02_Dadiwan","01_P1 · Prima del 3000 a.C. — Neolitico e pr…/04_Asia orientale/Centri abitati/02_Dadiwan","True","True"
"presente_in_entrambi","01_P1 · Prima del 3000 a.C. — Neolitico e pr…","04_Asia orientale","03_Banpo","01_P1 · Prima del 3000 a.C. — Neolitico e pr…/04_Asia orientale/Centri abitati/03_Banpo","True","True"
"presente_in_entrambi","01_P1 · Prima del 3000 a.C. — Neolitico e pr…","04_Asia orientale","04_Hemudu","01_P1 · Prima del 3000 a.C. — Neolitico e pr…/04_Asia orientale/Centri abitati/04_Hemudu","True","True"
"presente_in_entrambi","01_P1 · Prima del 3000 a.C. — Neolitico e pr…","04_Asia orientale","05_Liangzhu","01_P1 · Prima del 3000 a.C. — Neolitico e pr…/04_Asia orientale/Centri abitati/05_Liangzhu","True","True"
"presente_in_entrambi","01_P1 · Prima del 3000 a.C. — Neolitico e pr…","05_Asia sud-orientale continentale e marittima","01_Trang_An","01_P1 · Prima del 3000 a.C. — Neolitico e pr…/05_Asia sud-orientale continentale e marittima/Centri abitati/01_Trang_An","True","True"
"presente_in_entrambi","01_P1 · Prima del 3000 a.C. — Neolitico e pr…","05_Asia sud-orientale continentale e marittima","02_Da_But","01_P1 · Prima del 3000 a.C. — Neolitico e pr…/05_Asia sud-orientale continentale e marittima/Centri abitati/02_Da_But","True","True"
"presente_in_entrambi","01_P1 · Prima del 3000 a.C. — Neolitico e pr…","05_Asia sud-orientale continentale e marittima","03_Spirit_Cave","01_P1 · Prima del 3000 a.C. — Neolitico e pr…/05_Asia sud-orientale continentale e marittima/Centri abitati/03_Spirit_Cave","True","True"
"presente_in_entrambi","01_P1 · Prima del 3000 a.C. — Neolitico e pr…","05_Asia sud-orientale continentale e marittima","04_Niah_Caves","01_P1 · Prima del 3000 a.C. — Neolitico e pr…/05_Asia sud-orientale continentale e marittima/Centri abitati/04_Niah_Caves","True","True"
"presente_in_entrambi","01_P1 · Prima del 3000 a.C. — Neolitico e pr…","05_Asia sud-orientale continentale e marittima","05_Tabon_Caves","01_P1 · Prima del 3000 a.C. — Neolitico e pr…/05_Asia sud-orientale continentale e marittima/Centri abitati/05_Tabon_Caves","True","True"
"presente_in_entrambi","01_P1 · Prima del 3000 a.C. — Neolitico e pr…","06_Mediterraneo europeo ed Europa centro-occidentale","01_Lepenski_Vir","01_P1 · Prima del 3000 a.C. — Neolitico e pr…/06_Mediterraneo europeo ed Europa centro-occidentale/Centri abitati/01_Lepenski_Vir","True","True"
"presente_in_entrambi","01_P1 · Prima del 3000 a.C. — Neolitico e pr…","06_Mediterraneo europeo ed Europa centro-occidentale","02_Vinca_Belo_Brdo","01_P1 · Prima del 3000 a.C. — Neolitico e pr…/06_Mediterraneo europeo ed Europa centro-occidentale/Centri abitati/02_Vinca_Belo_Brdo","True","True"
"presente_in_entrambi","01_P1 · Prima del 3000 a.C. — Neolitico e pr…","06_Mediterraneo europeo ed Europa centro-occidentale","03_Karanovo","01_P1 · Prima del 3000 a.C. — Neolitico e pr…/06_Mediterraneo europeo ed Europa centro-occidentale/Centri abitati/03_Karanovo","True","True"
"presente_in_entrambi","01_P1 · Prima del 3000 a.C. — Neolitico e pr…","06_Mediterraneo europeo ed Europa centro-occidentale","04_Sesklo","01_P1 · Prima del 3000 a.C. — Neolitico e pr…/06_Mediterraneo europeo ed Europa centro-occidentale/Centri abitati/04_Sesklo","True","True"
"presente_in_entrambi","01_P1 · Prima del 3000 a.C. — Neolitico e pr…","06_Mediterraneo europeo ed Europa centro-occidentale","05_Skara_Brae","01_P1 · Prima del 3000 a.C. — Neolitico e pr…/06_Mediterraneo europeo ed Europa centro-occidentale/Centri abitati/05_Skara_Brae","True","True"
"presente_in_entrambi","01_P1 · Prima del 3000 a.C. — Neolitico e pr…","07_Africa subsahariana","01_Gobero","01_P1 · Prima del 3000 a.C. — Neolitico e pr…/07_Africa subsahariana/Centri abitati/01_Gobero","True","True"
"presente_in_entrambi","01_P1 · Prima del 3000 a.C. — Neolitico e pr…","07_Africa subsahariana","01_insediamenti di pastori","01_P1 · Prima del 3000 a.C. — Neolitico e pr…/07_Africa subsahariana/Centri abitati/01_insediamenti di pastori","True","True"
"presente_in_entrambi","01_P1 · Prima del 3000 a.C. — Neolitico e pr…","07_Africa subsahariana","02_agricoltori e raccoglitori","01_P1 · Prima del 3000 a.C. — Neolitico e pr…/07_Africa subsahariana/Centri abitati/02_agricoltori e raccoglitori","True","True"
"presente_in_entrambi","01_P1 · Prima del 3000 a.C. — Neolitico e pr…","07_Africa subsahariana","02_Ounjougou","01_P1 · Prima del 3000 a.C. — Neolitico e pr…/07_Africa subsahariana/Centri abitati/02_Ounjougou","True","True"
"presente_in_entrambi","01_P1 · Prima del 3000 a.C. — Neolitico e pr…","07_Africa subsahariana","03_Bosumpra_Cave","01_P1 · Prima del 3000 a.C. — Neolitico e pr…/07_Africa subsahariana/Centri abitati/03_Bosumpra_Cave","True","True"
"presente_in_entrambi","01_P1 · Prima del 3000 a.C. — Neolitico e pr…","07_Africa subsahariana","03_urbanizzazione ancora rara","01_P1 · Prima del 3000 a.C. — Neolitico e pr…/07_Africa subsahariana/Centri abitati/03_urbanizzazione ancora rara","True","True"
"presente_in_entrambi","01_P1 · Prima del 3000 a.C. — Neolitico e pr…","07_Africa subsahariana","04_Iho_Eleru","01_P1 · Prima del 3000 a.C. — Neolitico e pr…/07_Africa subsahariana/Centri abitati/04_Iho_Eleru","True","True"
"presente_in_entrambi","01_P1 · Prima del 3000 a.C. — Neolitico e pr…","07_Africa subsahariana","05_Shum_Laka","01_P1 · Prima del 3000 a.C. — Neolitico e pr…/07_Africa subsahariana/Centri abitati/05_Shum_Laka","True","True"
"presente_in_entrambi","01_P1 · Prima del 3000 a.C. — Neolitico e pr…","08_Mesoamerica","01_Guila_Naquitz","01_P1 · Prima del 3000 a.C. — Neolitico e pr…/08_Mesoamerica/Centri abitati/01_Guila_Naquitz","True","True"
"presente_in_entrambi","01_P1 · Prima del 3000 a.C. — Neolitico e pr…","08_Mesoamerica","01_villaggi agricoli iniziali","01_P1 · Prima del 3000 a.C. — Neolitico e pr…/08_Mesoamerica/Centri abitati/01_villaggi agricoli iniziali","True","True"
"presente_in_entrambi","01_P1 · Prima del 3000 a.C. — Neolitico e pr…","08_Mesoamerica","02_Gheo_Shih","01_P1 · Prima del 3000 a.C. — Neolitico e pr…/08_Mesoamerica/Centri abitati/02_Gheo_Shih","True","True"
"presente_in_entrambi","01_P1 · Prima del 3000 a.C. — Neolitico e pr…","08_Mesoamerica","02_nessuna grande città consolidata","01_P1 · Prima del 3000 a.C. — Neolitico e pr…/08_Mesoamerica/Centri abitati/02_nessuna grande città consolidata","True","True"
"presente_in_entrambi","01_P1 · Prima del 3000 a.C. — Neolitico e pr…","08_Mesoamerica","03_Xihuatoxtla","01_P1 · Prima del 3000 a.C. — Neolitico e pr…/08_Mesoamerica/Centri abitati/03_Xihuatoxtla","True","True"
"presente_in_entrambi","01_P1 · Prima del 3000 a.C. — Neolitico e pr…","08_Mesoamerica","04_Coxcatlan_Cave","01_P1 · Prima del 3000 a.C. — Neolitico e pr…/08_Mesoamerica/Centri abitati/04_Coxcatlan_Cave","True","True"
"presente_in_entrambi","01_P1 · Prima del 3000 a.C. — Neolitico e pr…","08_Mesoamerica","05_Zohapilco","01_P1 · Prima del 3000 a.C. — Neolitico e pr…/08_Mesoamerica/Centri abitati/05_Zohapilco","True","True"
"presente_in_entrambi","01_P1 · Prima del 3000 a.C. — Neolitico e pr…","09_Ande centrali","01_Huaca_Prieta","01_P1 · Prima del 3000 a.C. — Neolitico e pr…/09_Ande centrali/Centri abitati/01_Huaca_Prieta","True","True"
"presente_in_entrambi","01_P1 · Prima del 3000 a.C. — Neolitico e pr…","09_Ande centrali","01_villaggi costieri e vallivi","01_P1 · Prima del 3000 a.C. — Neolitico e pr…/09_Ande centrali/Centri abitati/01_villaggi costieri e vallivi","True","True"
"presente_in_entrambi","01_P1 · Prima del 3000 a.C. — Neolitico e pr…","09_Ande centrali","02_Caral-Supe inizia verso la fine del perio…","01_P1 · Prima del 3000 a.C. — Neolitico e pr…/09_Ande centrali/Centri abitati/02_Caral-Supe inizia verso la fine del perio…","True","True"
"presente_in_entrambi","01_P1 · Prima del 3000 a.C. — Neolitico e pr…","09_Ande centrali","02_Nanchoc","01_P1 · Prima del 3000 a.C. — Neolitico e pr…/09_Ande centrali/Centri abitati/02_Nanchoc","True","True"
"presente_in_entrambi","01_P1 · Prima del 3000 a.C. — Neolitico e pr…","09_Ande centrali","03_Paloma","01_P1 · Prima del 3000 a.C. — Neolitico e pr…/09_Ande centrali/Centri abitati/03_Paloma","True","True"
"presente_in_entrambi","01_P1 · Prima del 3000 a.C. — Neolitico e pr…","09_Ande centrali","04_Aspero","01_P1 · Prima del 3000 a.C. — Neolitico e pr…/09_Ande centrali/Centri abitati/04_Aspero","True","True"
"presente_in_entrambi","01_P1 · Prima del 3000 a.C. — Neolitico e pr…","09_Ande centrali","05_Caral_Supe","01_P1 · Prima del 3000 a.C. — Neolitico e pr…/09_Ande centrali/Centri abitati/05_Caral_Supe","True","True"
"presente_in_entrambi","01_P1 · Prima del 3000 a.C. — Neolitico e pr…","10_America settentrionale precoloniale e coloniale","01_Paisley_Caves","01_P1 · Prima del 3000 a.C. — Neolitico e pr…/10_America settentrionale precoloniale e coloniale/Centri abitati/01_Paisley_Caves","True","True"
"presente_in_entrambi","01_P1 · Prima del 3000 a.C. — Neolitico e pr…","10_America settentrionale precoloniale e coloniale","02_Meadowcroft_Rockshelter","01_P1 · Prima del 3000 a.C. — Neolitico e pr…/10_America settentrionale precoloniale e coloniale/Centri abitati/02_Meadowcroft_Rockshelter","True","True"
"presente_in_entrambi","01_P1 · Prima del 3000 a.C. — Neolitico e pr…","10_America settentrionale precoloniale e coloniale","03_Koster","01_P1 · Prima del 3000 a.C. — Neolitico e pr…/10_America settentrionale precoloniale e coloniale/Centri abitati/03_Koster","True","True"
"presente_in_entrambi","01_P1 · Prima del 3000 a.C. — Neolitico e pr…","10_America settentrionale precoloniale e coloniale","04_Windover","01_P1 · Prima del 3000 a.C. — Neolitico e pr…/10_America settentrionale precoloniale e coloniale/Centri abitati/04_Windover","True","True"
"presente_in_entrambi","01_P1 · Prima del 3000 a.C. — Neolitico e pr…","10_America settentrionale precoloniale e coloniale","05_Watson_Brake","01_P1 · Prima del 3000 a.C. — Neolitico e pr…/10_America settentrionale precoloniale e coloniale/Centri abitati/05_Watson_Brake","True","True"
"presente_in_entrambi","01_P1 · Prima del 3000 a.C. — Neolitico e pr…","11_Oceania e Pacifico","01_Australia","01_P1 · Prima del 3000 a.C. — Neolitico e pr…/11_Oceania e Pacifico/Centri abitati/01_Australia","True","True"
"presente_in_entrambi","01_P1 · Prima del 3000 a.C. — Neolitico e pr…","11_Oceania e Pacifico","01_Madjedbebe","01_P1 · Prima del 3000 a.C. — Neolitico e pr…/11_Oceania e Pacifico/Centri abitati/01_Madjedbebe","True","True"
"presente_in_entrambi","01_P1 · Prima del 3000 a.C. — Neolitico e pr…","11_Oceania e Pacifico","02_Lake_Mungo","01_P1 · Prima del 3000 a.C. — Neolitico e pr…/11_Oceania e Pacifico/Centri abitati/02_Lake_Mungo","True","True"
"presente_in_entrambi","01_P1 · Prima del 3000 a.C. — Neolitico e pr…","11_Oceania e Pacifico","02_Nuova Guinea abitate","01_P1 · Prima del 3000 a.C. — Neolitico e pr…/11_Oceania e Pacifico/Centri abitati/02_Nuova Guinea abitate","True","True"
"presente_in_entrambi","01_P1 · Prima del 3000 a.C. — Neolitico e pr…","11_Oceania e Pacifico","03_Devils_Lair","01_P1 · Prima del 3000 a.C. — Neolitico e pr…/11_Oceania e Pacifico/Centri abitati/03_Devils_Lair","True","True"
"presente_in_entrambi","01_P1 · Prima del 3000 a.C. — Neolitico e pr…","11_Oceania e Pacifico","03_villaggi agricoli in Nuova Guinea","01_P1 · Prima del 3000 a.C. — Neolitico e pr…/11_Oceania e Pacifico/Centri abitati/03_villaggi agricoli in Nuova Guinea","True","True"
"presente_in_entrambi","01_P1 · Prima del 3000 a.C. — Neolitico e pr…","11_Oceania e Pacifico","04_espansioni austronesiane iniziali più tar…","01_P1 · Prima del 3000 a.C. — Neolitico e pr…/11_Oceania e Pacifico/Centri abitati/04_espansioni austronesiane iniziali più tar…","True","True"
"presente_in_entrambi","01_P1 · Prima del 3000 a.C. — Neolitico e pr…","11_Oceania e Pacifico","04_Kuk_Swamp","01_P1 · Prima del 3000 a.C. — Neolitico e pr…/11_Oceania e Pacifico/Centri abitati/04_Kuk_Swamp","True","True"
"presente_in_entrambi","01_P1 · Prima del 3000 a.C. — Neolitico e pr…","11_Oceania e Pacifico","05_Ivane_Valley","01_P1 · Prima del 3000 a.C. — Neolitico e pr…/11_Oceania e Pacifico/Centri abitati/05_Ivane_Valley","True","True"
"presente_in_entrambi","02_P2 · 3000–1000 a.C. — Prime città, Stati…","01_Asia sud-occidentale e altopiano iranico","01_Uruk","02_P2 · 3000–1000 a.C. — Prime città, Stati…/01_Asia sud-occidentale e altopiano iranico/Centri abitati/01_Uruk","True","True"
"presente_in_entrambi","02_P2 · 3000–1000 a.C. — Prime città, Stati…","01_Asia sud-occidentale e altopiano iranico","02_Ur","02_P2 · 3000–1000 a.C. — Prime città, Stati…/01_Asia sud-occidentale e altopiano iranico/Centri abitati/02_Ur","True","True"
"presente_in_entrambi","02_P2 · 3000–1000 a.C. — Prime città, Stati…","01_Asia sud-occidentale e altopiano iranico","03_Lagash_Girsu","02_P2 · 3000–1000 a.C. — Prime città, Stati…/01_Asia sud-occidentale e altopiano iranico/Centri abitati/03_Lagash_Girsu","True","True"
"presente_in_entrambi","02_P2 · 3000–1000 a.C. — Prime città, Stati…","01_Asia sud-occidentale e altopiano iranico","04_Babilonia","02_P2 · 3000–1000 a.C. — Prime città, Stati…/01_Asia sud-occidentale e altopiano iranico/Centri abitati/04_Babilonia","True","True"
"presente_in_entrambi","02_P2 · 3000–1000 a.C. — Prime città, Stati…","01_Asia sud-occidentale e altopiano iranico","05_Hattusa","02_P2 · 3000–1000 a.C. — Prime città, Stati…/01_Asia sud-occidentale e altopiano iranico/Centri abitati/05_Hattusa","True","True"
"presente_in_entrambi","02_P2 · 3000–1000 a.C. — Prime città, Stati…","01_Asia sud-occidentale e altopiano iranico","06_Ugarit","02_P2 · 3000–1000 a.C. — Prime città, Stati…/01_Asia sud-occidentale e altopiano iranico/Centri abitati/06_Ugarit","True","True"
"presente_in_entrambi","02_P2 · 3000–1000 a.C. — Prime città, Stati…","01_Asia sud-occidentale e altopiano iranico","07_Ninive","02_P2 · 3000–1000 a.C. — Prime città, Stati…/01_Asia sud-occidentale e altopiano iranico/Centri abitati/07_Ninive","True","True"
"presente_in_entrambi","02_P2 · 3000–1000 a.C. — Prime città, Stati…","01_Asia sud-occidentale e altopiano iranico","08_Ebla","02_P2 · 3000–1000 a.C. — Prime città, Stati…/01_Asia sud-occidentale e altopiano iranico/Centri abitati/08_Ebla","True","True"
"presente_in_entrambi","02_P2 · 3000–1000 a.C. — Prime città, Stati…","01_Asia sud-occidentale e altopiano iranico","09_Mari","02_P2 · 3000–1000 a.C. — Prime città, Stati…/01_Asia sud-occidentale e altopiano iranico/Centri abitati/09_Mari","True","True"
"presente_in_entrambi","02_P2 · 3000–1000 a.C. — Prime città, Stati…","01_Asia sud-occidentale e altopiano iranico","10_Susa","02_P2 · 3000–1000 a.C. — Prime città, Stati…/01_Asia sud-occidentale e altopiano iranico/Centri abitati/10_Susa","True","True"
"presente_in_entrambi","02_P2 · 3000–1000 a.C. — Prime città, Stati…","02_Valle del Nilo e Africa nord-orientale","01_Menfi","02_P2 · 3000–1000 a.C. — Prime città, Stati…/02_Valle del Nilo e Africa nord-orientale/Centri abitati/01_Menfi","True","True"
"presente_in_entrambi","02_P2 · 3000–1000 a.C. — Prime città, Stati…","02_Valle del Nilo e Africa nord-orientale","02_Tebe","02_P2 · 3000–1000 a.C. — Prime città, Stati…/02_Valle del Nilo e Africa nord-orientale/Centri abitati/02_Tebe","True","True"
"presente_in_entrambi","02_P2 · 3000–1000 a.C. — Prime città, Stati…","02_Valle del Nilo e Africa nord-orientale","03_Amarna","02_P2 · 3000–1000 a.C. — Prime città, Stati…/02_Valle del Nilo e Africa nord-orientale/Centri abitati/03_Amarna","True","True"
"presente_in_entrambi","02_P2 · 3000–1000 a.C. — Prime città, Stati…","02_Valle del Nilo e Africa nord-orientale","04_Kerma","02_P2 · 3000–1000 a.C. — Prime città, Stati…/02_Valle del Nilo e Africa nord-orientale/Centri abitati/04_Kerma","True","True"
"presente_in_entrambi","02_P2 · 3000–1000 a.C. — Prime città, Stati…","02_Valle del Nilo e Africa nord-orientale","05_Abydos","02_P2 · 3000–1000 a.C. — Prime città, Stati…/02_Valle del Nilo e Africa nord-orientale/Centri abitati/05_Abydos","True","True"
"presente_in_entrambi","02_P2 · 3000–1000 a.C. — Prime città, Stati…","03_Asia meridionale","01_Harappa","02_P2 · 3000–1000 a.C. — Prime città, Stati…/03_Asia meridionale/Centri abitati/01_Harappa","True","True"
"presente_in_entrambi","02_P2 · 3000–1000 a.C. — Prime città, Stati…","03_Asia meridionale","02_Mohenjo_Daro","02_P2 · 3000–1000 a.C. — Prime città, Stati…/03_Asia meridionale/Centri abitati/02_Mohenjo_Daro","True","True"
"presente_in_entrambi","02_P2 · 3000–1000 a.C. — Prime città, Stati…","03_Asia meridionale","02_Mohenjo-daro","02_P2 · 3000–1000 a.C. — Prime città, Stati…/03_Asia meridionale/Centri abitati/02_Mohenjo-daro","True","True"
"presente_in_entrambi","02_P2 · 3000–1000 a.C. — Prime città, Stati…","03_Asia meridionale","03_Dholavira","02_P2 · 3000–1000 a.C. — Prime città, Stati…/03_Asia meridionale/Centri abitati/03_Dholavira","True","True"
"presente_in_entrambi","02_P2 · 3000–1000 a.C. — Prime città, Stati…","03_Asia meridionale","04_Kalibangan","02_P2 · 3000–1000 a.C. — Prime città, Stati…/03_Asia meridionale/Centri abitati/04_Kalibangan","True","True"
"presente_in_entrambi","02_P2 · 3000–1000 a.C. — Prime città, Stati…","03_Asia meridionale","04_successiva dispersione verso il Gange","02_P2 · 3000–1000 a.C. — Prime città, Stati…/03_Asia meridionale/Centri abitati/04_successiva dispersione verso il Gange","True","True"
"presente_in_entrambi","02_P2 · 3000–1000 a.C. — Prime città, Stati…","03_Asia meridionale","05_Lothal","02_P2 · 3000–1000 a.C. — Prime città, Stati…/03_Asia meridionale/Centri abitati/05_Lothal","True","True"
"presente_in_entrambi","02_P2 · 3000–1000 a.C. — Prime città, Stati…","04_Asia orientale","01_Erlitou","02_P2 · 3000–1000 a.C. — Prime città, Stati…/04_Asia orientale/Centri abitati/01_Erlitou","True","True"
"presente_in_entrambi","02_P2 · 3000–1000 a.C. — Prime città, Stati…","04_Asia orientale","02_Anyang e capitali Shang","02_P2 · 3000–1000 a.C. — Prime città, Stati…/04_Asia orientale/Centri abitati/02_Anyang e capitali Shang","True","True"
"presente_in_entrambi","02_P2 · 3000–1000 a.C. — Prime città, Stati…","04_Asia orientale","03_Zhou","02_P2 · 3000–1000 a.C. — Prime città, Stati…/04_Asia orientale/Centri abitati/03_Zhou","True","True"
"presente_in_entrambi","02_P2 · 3000–1000 a.C. — Prime città, Stati…","05_Asia sud-orientale continentale e marittima","01_Ban_Chiang","02_P2 · 3000–1000 a.C. — Prime città, Stati…/05_Asia sud-orientale continentale e marittima/Centri abitati/01_Ban_Chiang","True","True"
"presente_in_entrambi","02_P2 · 3000–1000 a.C. — Prime città, Stati…","05_Asia sud-orientale continentale e marittima","02_Ban_Non_Wat","02_P2 · 3000–1000 a.C. — Prime città, Stati…/05_Asia sud-orientale continentale e marittima/Centri abitati/02_Ban_Non_Wat","True","True"
"presente_in_entrambi","02_P2 · 3000–1000 a.C. — Prime città, Stati…","05_Asia sud-orientale continentale e marittima","03_Khok_Phanom_Di","02_P2 · 3000–1000 a.C. — Prime città, Stati…/05_Asia sud-orientale continentale e marittima/Centri abitati/03_Khok_Phanom_Di","True","True"
"presente_in_entrambi","02_P2 · 3000–1000 a.C. — Prime città, Stati…","05_Asia sud-orientale continentale e marittima","04_Man_Bac","02_P2 · 3000–1000 a.C. — Prime città, Stati…/05_Asia sud-orientale continentale e marittima/Centri abitati/04_Man_Bac","True","True"
"presente_in_entrambi","02_P2 · 3000–1000 a.C. — Prime città, Stati…","05_Asia sud-orientale continentale e marittima","05_Nagsabaran","02_P2 · 3000–1000 a.C. — Prime città, Stati…/05_Asia sud-orientale continentale e marittima/Centri abitati/05_Nagsabaran","True","True"
"presente_in_entrambi","02_P2 · 3000–1000 a.C. — Prime città, Stati…","06_Mediterraneo europeo ed Europa centro-occidentale","01_Cnosso","02_P2 · 3000–1000 a.C. — Prime città, Stati…/06_Mediterraneo europeo ed Europa centro-occidentale/Centri abitati/01_Cnosso","True","True"
"presente_in_entrambi","02_P2 · 3000–1000 a.C. — Prime città, Stati…","06_Mediterraneo europeo ed Europa centro-occidentale","02_Micene","02_P2 · 3000–1000 a.C. — Prime città, Stati…/06_Mediterraneo europeo ed Europa centro-occidentale/Centri abitati/02_Micene","True","True"
"presente_in_entrambi","02_P2 · 3000–1000 a.C. — Prime città, Stati…","06_Mediterraneo europeo ed Europa centro-occidentale","03_Troia","02_P2 · 3000–1000 a.C. — Prime città, Stati…/06_Mediterraneo europeo ed Europa centro-occidentale/Centri abitati/03_Troia","True","True"
"presente_in_entrambi","02_P2 · 3000–1000 a.C. — Prime città, Stati…","06_Mediterraneo europeo ed Europa centro-occidentale","04_Tirinto","02_P2 · 3000–1000 a.C. — Prime città, Stati…/06_Mediterraneo europeo ed Europa centro-occidentale/Centri abitati/04_Tirinto","True","True"
"presente_in_entrambi","02_P2 · 3000–1000 a.C. — Prime città, Stati…","06_Mediterraneo europeo ed Europa centro-occidentale","05_Pilo","02_P2 · 3000–1000 a.C. — Prime città, Stati…/06_Mediterraneo europeo ed Europa centro-occidentale/Centri abitati/05_Pilo","True","True"
"presente_in_entrambi","02_P2 · 3000–1000 a.C. — Prime città, Stati…","07_Africa subsahariana","01_Dhar_Tichitt","02_P2 · 3000–1000 a.C. — Prime città, Stati…/07_Africa subsahariana/Centri abitati/01_Dhar_Tichitt","True","True"
"presente_in_entrambi","02_P2 · 3000–1000 a.C. — Prime città, Stati…","07_Africa subsahariana","01_Kerma ai margini nord-orientali","02_P2 · 3000–1000 a.C. — Prime città, Stati…/07_Africa subsahariana/Centri abitati/01_Kerma ai margini nord-orientali","True","True"
"presente_in_entrambi","02_P2 · 3000–1000 a.C. — Prime città, Stati…","07_Africa subsahariana","02_comunità complesse nel Sahara","02_P2 · 3000–1000 a.C. — Prime città, Stati…/07_Africa subsahariana/Centri abitati/02_comunità complesse nel Sahara","True","True"
"presente_in_entrambi","02_P2 · 3000–1000 a.C. — Prime città, Stati…","07_Africa subsahariana","02_Karkarichinkat","02_P2 · 3000–1000 a.C. — Prime città, Stati…/07_Africa subsahariana/Centri abitati/02_Karkarichinkat","True","True"
"presente_in_entrambi","02_P2 · 3000–1000 a.C. — Prime città, Stati…","07_Africa subsahariana","03_Kintampo","02_P2 · 3000–1000 a.C. — Prime città, Stati…/07_Africa subsahariana/Centri abitati/03_Kintampo","True","True"
"presente_in_entrambi","02_P2 · 3000–1000 a.C. — Prime città, Stati…","07_Africa subsahariana","03_Sahel","02_P2 · 3000–1000 a.C. — Prime città, Stati…/07_Africa subsahariana/Centri abitati/03_Sahel","True","True"
"presente_in_entrambi","02_P2 · 3000–1000 a.C. — Prime città, Stati…","07_Africa subsahariana","04_Africa occidentale","02_P2 · 3000–1000 a.C. — Prime città, Stati…/07_Africa subsahariana/Centri abitati/04_Africa occidentale","True","True"
"presente_in_entrambi","02_P2 · 3000–1000 a.C. — Prime città, Stati…","07_Africa subsahariana","04_Gajiganna","02_P2 · 3000–1000 a.C. — Prime città, Stati…/07_Africa subsahariana/Centri abitati/04_Gajiganna","True","True"
"presente_in_entrambi","02_P2 · 3000–1000 a.C. — Prime città, Stati…","07_Africa subsahariana","05_Nok_Iniziale","02_P2 · 3000–1000 a.C. — Prime città, Stati…/07_Africa subsahariana/Centri abitati/05_Nok_Iniziale","True","True"
"presente_in_entrambi","02_P2 · 3000–1000 a.C. — Prime città, Stati…","08_Mesoamerica","01_San Lorenzo e primi centri olmechi verso…","02_P2 · 3000–1000 a.C. — Prime città, Stati…/08_Mesoamerica/Centri abitati/01_San Lorenzo e primi centri olmechi verso…","True","True"
"presente_in_entrambi","02_P2 · 3000–1000 a.C. — Prime città, Stati…","08_Mesoamerica","01_San_Lorenzo_Tenochtitlan","02_P2 · 3000–1000 a.C. — Prime città, Stati…/08_Mesoamerica/Centri abitati/01_San_Lorenzo_Tenochtitlan","True","True"
"presente_in_entrambi","02_P2 · 3000–1000 a.C. — Prime città, Stati…","08_Mesoamerica","02_El_Manati","02_P2 · 3000–1000 a.C. — Prime città, Stati…/08_Mesoamerica/Centri abitati/02_El_Manati","True","True"
"presente_in_entrambi","02_P2 · 3000–1000 a.C. — Prime città, Stati…","08_Mesoamerica","03_La_Venta_Fase_Iniziale","02_P2 · 3000–1000 a.C. — Prime città, Stati…/08_Mesoamerica/Centri abitati/03_La_Venta_Fase_Iniziale","True","True"
"presente_in_entrambi","02_P2 · 3000–1000 a.C. — Prime città, Stati…","08_Mesoamerica","04_Laguna_de_los_Cerros","02_P2 · 3000–1000 a.C. — Prime città, Stati…/08_Mesoamerica/Centri abitati/04_Laguna_de_los_Cerros","True","True"
"presente_in_entrambi","02_P2 · 3000–1000 a.C. — Prime città, Stati…","08_Mesoamerica","05_Paso_de_la_Amada","02_P2 · 3000–1000 a.C. — Prime città, Stati…/08_Mesoamerica/Centri abitati/05_Paso_de_la_Amada","True","True"
"presente_in_entrambi","02_P2 · 3000–1000 a.C. — Prime città, Stati…","09_Ande centrali","01_Caral_Supe","02_P2 · 3000–1000 a.C. — Prime città, Stati…/09_Ande centrali/Centri abitati/01_Caral_Supe","True","True"
"presente_in_entrambi","02_P2 · 3000–1000 a.C. — Prime città, Stati…","09_Ande centrali","01_Caral-Supe","02_P2 · 3000–1000 a.C. — Prime città, Stati…/09_Ande centrali/Centri abitati/01_Caral-Supe","True","True"
"presente_in_entrambi","02_P2 · 3000–1000 a.C. — Prime città, Stati…","09_Ande centrali","02_Chavín nella fase finale","02_P2 · 3000–1000 a.C. — Prime città, Stati…/09_Ande centrali/Centri abitati/02_Chavín nella fase finale","True","True"
"presente_in_entrambi","02_P2 · 3000–1000 a.C. — Prime città, Stati…","09_Ande centrali","02_Sechin_Bajo","02_P2 · 3000–1000 a.C. — Prime città, Stati…/09_Ande centrali/Centri abitati/02_Sechin_Bajo","True","True"
"presente_in_entrambi","02_P2 · 3000–1000 a.C. — Prime città, Stati…","09_Ande centrali","03_centri costieri e altopiani","02_P2 · 3000–1000 a.C. — Prime città, Stati…/09_Ande centrali/Centri abitati/03_centri costieri e altopiani","True","True"
"presente_in_entrambi","02_P2 · 3000–1000 a.C. — Prime città, Stati…","09_Ande centrali","03_Kotosh","02_P2 · 3000–1000 a.C. — Prime città, Stati…/09_Ande centrali/Centri abitati/03_Kotosh","True","True"
"presente_in_entrambi","02_P2 · 3000–1000 a.C. — Prime città, Stati…","09_Ande centrali","04_El_Paraiso","02_P2 · 3000–1000 a.C. — Prime città, Stati…/09_Ande centrali/Centri abitati/04_El_Paraiso","True","True"
"presente_in_entrambi","02_P2 · 3000–1000 a.C. — Prime città, Stati…","09_Ande centrali","05_Chavin_de_Huantar","02_P2 · 3000–1000 a.C. — Prime città, Stati…/09_Ande centrali/Centri abitati/05_Chavin_de_Huantar","True","True"
"presente_in_entrambi","02_P2 · 3000–1000 a.C. — Prime città, Stati…","10_America settentrionale precoloniale e coloniale","01_Poverty_Point","02_P2 · 3000–1000 a.C. — Prime città, Stati…/10_America settentrionale precoloniale e coloniale/Centri abitati/01_Poverty_Point","True","True"
"presente_in_entrambi","02_P2 · 3000–1000 a.C. — Prime città, Stati…","10_America settentrionale precoloniale e coloniale","02_Jaketown","02_P2 · 3000–1000 a.C. — Prime città, Stati…/10_America settentrionale precoloniale e coloniale/Centri abitati/02_Jaketown","True","True"
"presente_in_entrambi","02_P2 · 3000–1000 a.C. — Prime città, Stati…","10_America settentrionale precoloniale e coloniale","03_Claiborne","02_P2 · 3000–1000 a.C. — Prime città, Stati…/10_America settentrionale precoloniale e coloniale/Centri abitati/03_Claiborne","True","True"
"presente_in_entrambi","02_P2 · 3000–1000 a.C. — Prime città, Stati…","10_America settentrionale precoloniale e coloniale","04_Stallings_Island","02_P2 · 3000–1000 a.C. — Prime città, Stati…/10_America settentrionale precoloniale e coloniale/Centri abitati/04_Stallings_Island","True","True"
"presente_in_entrambi","02_P2 · 3000–1000 a.C. — Prime città, Stati…","10_America settentrionale precoloniale e coloniale","05_Sapelo_Shell_Ring","02_P2 · 3000–1000 a.C. — Prime città, Stati…/10_America settentrionale precoloniale e coloniale/Centri abitati/05_Sapelo_Shell_Ring","True","True"
"presente_in_entrambi","02_P2 · 3000–1000 a.C. — Prime città, Stati…","11_Oceania e Pacifico","01_Talepakemalai","02_P2 · 3000–1000 a.C. — Prime città, Stati…/11_Oceania e Pacifico/Centri abitati/01_Talepakemalai","True","True"
"presente_in_entrambi","02_P2 · 3000–1000 a.C. — Prime città, Stati…","11_Oceania e Pacifico","01_villaggi Lapita e insediamenti in Melanes…","02_P2 · 3000–1000 a.C. — Prime città, Stati…/11_Oceania e Pacifico/Centri abitati/01_villaggi Lapita e insediamenti in Melanes…","True","True"
"presente_in_entrambi","02_P2 · 3000–1000 a.C. — Prime città, Stati…","11_Oceania e Pacifico","02_Kamgot","02_P2 · 3000–1000 a.C. — Prime città, Stati…/11_Oceania e Pacifico/Centri abitati/02_Kamgot","True","True"
"presente_in_entrambi","02_P2 · 3000–1000 a.C. — Prime città, Stati…","11_Oceania e Pacifico","02_Pacifico occidentale","02_P2 · 3000–1000 a.C. — Prime città, Stati…/11_Oceania e Pacifico/Centri abitati/02_Pacifico occidentale","True","True"
"presente_in_entrambi","02_P2 · 3000–1000 a.C. — Prime città, Stati…","11_Oceania e Pacifico","03_Nenumbo","02_P2 · 3000–1000 a.C. — Prime città, Stati…/11_Oceania e Pacifico/Centri abitati/03_Nenumbo","True","True"
"presente_in_entrambi","02_P2 · 3000–1000 a.C. — Prime città, Stati…","11_Oceania e Pacifico","04_Lapita_Foue","02_P2 · 3000–1000 a.C. — Prime città, Stati…/11_Oceania e Pacifico/Centri abitati/04_Lapita_Foue","True","True"
"presente_in_entrambi","02_P2 · 3000–1000 a.C. — Prime città, Stati…","11_Oceania e Pacifico","05_Bourewa","02_P2 · 3000–1000 a.C. — Prime città, Stati…/11_Oceania e Pacifico/Centri abitati/05_Bourewa","True","True"
"presente_in_entrambi","03_P3 · 1000 a.C.–500 d.C. — Imperi classici…","01_Asia sud-occidentale e altopiano iranico","01_Ninive","03_P3 · 1000 a.C.–500 d.C. — Imperi classici…/01_Asia sud-occidentale e altopiano iranico/Centri abitati/01_Ninive","True","True"
"presente_in_entrambi","03_P3 · 1000 a.C.–500 d.C. — Imperi classici…","01_Asia sud-occidentale e altopiano iranico","02_Babilonia","03_P3 · 1000 a.C.–500 d.C. — Imperi classici…/01_Asia sud-occidentale e altopiano iranico/Centri abitati/02_Babilonia","True","True"
"presente_in_entrambi","03_P3 · 1000 a.C.–500 d.C. — Imperi classici…","01_Asia sud-occidentale e altopiano iranico","03_Persepoli","03_P3 · 1000 a.C.–500 d.C. — Imperi classici…/01_Asia sud-occidentale e altopiano iranico/Centri abitati/03_Persepoli","True","True"
"presente_in_entrambi","03_P3 · 1000 a.C.–500 d.C. — Imperi classici…","01_Asia sud-occidentale e altopiano iranico","04_Seleucia_al_Tigri","03_P3 · 1000 a.C.–500 d.C. — Imperi classici…/01_Asia sud-occidentale e altopiano iranico/Centri abitati/04_Seleucia_al_Tigri","True","True"
"presente_in_entrambi","03_P3 · 1000 a.C.–500 d.C. — Imperi classici…","01_Asia sud-occidentale e altopiano iranico","05_Antiochia","03_P3 · 1000 a.C.–500 d.C. — Imperi classici…/01_Asia sud-occidentale e altopiano iranico/Centri abitati/05_Antiochia","True","True"
"presente_in_entrambi","03_P3 · 1000 a.C.–500 d.C. — Imperi classici…","01_Asia sud-occidentale e altopiano iranico","06_Ctesifonte","03_P3 · 1000 a.C.–500 d.C. — Imperi classici…/01_Asia sud-occidentale e altopiano iranico/Centri abitati/06_Ctesifonte","True","True"
"presente_in_entrambi","03_P3 · 1000 a.C.–500 d.C. — Imperi classici…","01_Asia sud-occidentale e altopiano iranico","07_Gerusalemme","03_P3 · 1000 a.C.–500 d.C. — Imperi classici…/01_Asia sud-occidentale e altopiano iranico/Centri abitati/07_Gerusalemme","True","True"
"presente_in_entrambi","03_P3 · 1000 a.C.–500 d.C. — Imperi classici…","01_Asia sud-occidentale e altopiano iranico","08_Hegmataneh_Ecbatana","03_P3 · 1000 a.C.–500 d.C. — Imperi classici…/01_Asia sud-occidentale e altopiano iranico/Centri abitati/08_Hegmataneh_Ecbatana","True","True"
"presente_in_entrambi","03_P3 · 1000 a.C.–500 d.C. — Imperi classici…","01_Asia sud-occidentale e altopiano iranico","09_Petra","03_P3 · 1000 a.C.–500 d.C. — Imperi classici…/01_Asia sud-occidentale e altopiano iranico/Centri abitati/09_Petra","True","True"
"presente_in_entrambi","03_P3 · 1000 a.C.–500 d.C. — Imperi classici…","01_Asia sud-occidentale e altopiano iranico","10_Palmira","03_P3 · 1000 a.C.–500 d.C. — Imperi classici…/01_Asia sud-occidentale e altopiano iranico/Centri abitati/10_Palmira","True","True"
"presente_in_entrambi","03_P3 · 1000 a.C.–500 d.C. — Imperi classici…","02_Valle del Nilo e Africa nord-orientale","01_Alessandria","03_P3 · 1000 a.C.–500 d.C. — Imperi classici…/02_Valle del Nilo e Africa nord-orientale/Centri abitati/01_Alessandria","True","True"
"presente_in_entrambi","03_P3 · 1000 a.C.–500 d.C. — Imperi classici…","02_Valle del Nilo e Africa nord-orientale","02_Tebe","03_P3 · 1000 a.C.–500 d.C. — Imperi classici…/02_Valle del Nilo e Africa nord-orientale/Centri abitati/02_Tebe","True","True"
"presente_in_entrambi","03_P3 · 1000 a.C.–500 d.C. — Imperi classici…","02_Valle del Nilo e Africa nord-orientale","03_Meroe","03_P3 · 1000 a.C.–500 d.C. — Imperi classici…/02_Valle del Nilo e Africa nord-orientale/Centri abitati/03_Meroe","True","True"
"presente_in_entrambi","03_P3 · 1000 a.C.–500 d.C. — Imperi classici…","02_Valle del Nilo e Africa nord-orientale","04_Aksum","03_P3 · 1000 a.C.–500 d.C. — Imperi classici…/02_Valle del Nilo e Africa nord-orientale/Centri abitati/04_Aksum","True","True"
"presente_in_entrambi","03_P3 · 1000 a.C.–500 d.C. — Imperi classici…","02_Valle del Nilo e Africa nord-orientale","05_Napata_Gebel_Barkal","03_P3 · 1000 a.C.–500 d.C. — Imperi classici…/02_Valle del Nilo e Africa nord-orientale/Centri abitati/05_Napata_Gebel_Barkal","True","True"
"presente_in_entrambi","03_P3 · 1000 a.C.–500 d.C. — Imperi classici…","03_Asia meridionale","01_Pataliputra","03_P3 · 1000 a.C.–500 d.C. — Imperi classici…/03_Asia meridionale/Centri abitati/01_Pataliputra","True","True"
"presente_in_entrambi","03_P3 · 1000 a.C.–500 d.C. — Imperi classici…","03_Asia meridionale","02_Taxila","03_P3 · 1000 a.C.–500 d.C. — Imperi classici…/03_Asia meridionale/Centri abitati/02_Taxila","True","True"
"presente_in_entrambi","03_P3 · 1000 a.C.–500 d.C. — Imperi classici…","03_Asia meridionale","03_Ujjain","03_P3 · 1000 a.C.–500 d.C. — Imperi classici…/03_Asia meridionale/Centri abitati/03_Ujjain","True","True"
"presente_in_entrambi","03_P3 · 1000 a.C.–500 d.C. — Imperi classici…","03_Asia meridionale","04_Mathura","03_P3 · 1000 a.C.–500 d.C. — Imperi classici…/03_Asia meridionale/Centri abitati/04_Mathura","True","True"
"presente_in_entrambi","03_P3 · 1000 a.C.–500 d.C. — Imperi classici…","03_Asia meridionale","04_Mathura e porti dell'Oceano Indiano","03_P3 · 1000 a.C.–500 d.C. — Imperi classici…/03_Asia meridionale/Centri abitati/04_Mathura e porti dell'Oceano Indiano","True","True"
"presente_in_entrambi","03_P3 · 1000 a.C.–500 d.C. — Imperi classici…","03_Asia meridionale","05_Arikamedu","03_P3 · 1000 a.C.–500 d.C. — Imperi classici…/03_Asia meridionale/Centri abitati/05_Arikamedu","True","True"
"presente_in_entrambi","03_P3 · 1000 a.C.–500 d.C. — Imperi classici…","04_Asia orientale","01_Chang'an","03_P3 · 1000 a.C.–500 d.C. — Imperi classici…/04_Asia orientale/Centri abitati/01_Chang'an","True","True"
"presente_in_entrambi","03_P3 · 1000 a.C.–500 d.C. — Imperi classici…","04_Asia orientale","01_Xianyang_Qin","03_P3 · 1000 a.C.–500 d.C. — Imperi classici…/04_Asia orientale/Centri abitati/01_Xianyang_Qin","True","True"
"presente_in_entrambi","03_P3 · 1000 a.C.–500 d.C. — Imperi classici…","04_Asia orientale","02_Changan_Han","03_P3 · 1000 a.C.–500 d.C. — Imperi classici…/04_Asia orientale/Centri abitati/02_Changan_Han","True","True"
"presente_in_entrambi","03_P3 · 1000 a.C.–500 d.C. — Imperi classici…","04_Asia orientale","02_Luoyang e capitali Han","03_P3 · 1000 a.C.–500 d.C. — Imperi classici…/04_Asia orientale/Centri abitati/02_Luoyang e capitali Han","True","True"
"presente_in_entrambi","03_P3 · 1000 a.C.–500 d.C. — Imperi classici…","04_Asia orientale","03_Luoyang_Han_Wei","03_P3 · 1000 a.C.–500 d.C. — Imperi classici…/04_Asia orientale/Centri abitati/03_Luoyang_Han_Wei","True","True"
"presente_in_entrambi","03_P3 · 1000 a.C.–500 d.C. — Imperi classici…","04_Asia orientale","03_Nara emerge dopo il periodo","03_P3 · 1000 a.C.–500 d.C. — Imperi classici…/04_Asia orientale/Centri abitati/03_Nara emerge dopo il periodo","True","True"
"presente_in_entrambi","03_P3 · 1000 a.C.–500 d.C. — Imperi classici…","04_Asia orientale","04_Linzi_Qi","03_P3 · 1000 a.C.–500 d.C. — Imperi classici…/04_Asia orientale/Centri abitati/04_Linzi_Qi","True","True"
"presente_in_entrambi","03_P3 · 1000 a.C.–500 d.C. — Imperi classici…","04_Asia orientale","05_Jiankang","03_P3 · 1000 a.C.–500 d.C. — Imperi classici…/04_Asia orientale/Centri abitati/05_Jiankang","True","True"
"presente_in_entrambi","03_P3 · 1000 a.C.–500 d.C. — Imperi classici…","05_Asia sud-orientale continentale e marittima","01_Oc_Eo","03_P3 · 1000 a.C.–500 d.C. — Imperi classici…/05_Asia sud-orientale continentale e marittima/Centri abitati/01_Oc_Eo","True","True"
"presente_in_entrambi","03_P3 · 1000 a.C.–500 d.C. — Imperi classici…","05_Asia sud-orientale continentale e marittima","02_Angkor_Borei","03_P3 · 1000 a.C.–500 d.C. — Imperi classici…/05_Asia sud-orientale continentale e marittima/Centri abitati/02_Angkor_Borei","True","True"
"presente_in_entrambi","03_P3 · 1000 a.C.–500 d.C. — Imperi classici…","05_Asia sud-orientale continentale e marittima","03_Khao_Sam_Kaeo","03_P3 · 1000 a.C.–500 d.C. — Imperi classici…/05_Asia sud-orientale continentale e marittima/Centri abitati/03_Khao_Sam_Kaeo","True","True"
"presente_in_entrambi","03_P3 · 1000 a.C.–500 d.C. — Imperi classici…","05_Asia sud-orientale continentale e marittima","04_Valle_del_Bujang","03_P3 · 1000 a.C.–500 d.C. — Imperi classici…/05_Asia sud-orientale continentale e marittima/Centri abitati/04_Valle_del_Bujang","True","True"
"presente_in_entrambi","03_P3 · 1000 a.C.–500 d.C. — Imperi classici…","05_Asia sud-orientale continentale e marittima","05_Batujaya","03_P3 · 1000 a.C.–500 d.C. — Imperi classici…/05_Asia sud-orientale continentale e marittima/Centri abitati/05_Batujaya","True","True"
"presente_in_entrambi","03_P3 · 1000 a.C.–500 d.C. — Imperi classici…","06_Mediterraneo europeo ed Europa centro-occidentale","01_Atene","03_P3 · 1000 a.C.–500 d.C. — Imperi classici…/06_Mediterraneo europeo ed Europa centro-occidentale/Centri abitati/01_Atene","True","True"
"presente_in_entrambi","03_P3 · 1000 a.C.–500 d.C. — Imperi classici…","06_Mediterraneo europeo ed Europa centro-occidentale","02_Roma","03_P3 · 1000 a.C.–500 d.C. — Imperi classici…/06_Mediterraneo europeo ed Europa centro-occidentale/Centri abitati/02_Roma","True","True"
"presente_in_entrambi","03_P3 · 1000 a.C.–500 d.C. — Imperi classici…","06_Mediterraneo europeo ed Europa centro-occidentale","03_Alessandria_Mediterranea","03_P3 · 1000 a.C.–500 d.C. — Imperi classici…/06_Mediterraneo europeo ed Europa centro-occidentale/Centri abitati/03_Alessandria_Mediterranea","True","True"
"presente_in_entrambi","03_P3 · 1000 a.C.–500 d.C. — Imperi classici…","06_Mediterraneo europeo ed Europa centro-occidentale","04_Massalia","03_P3 · 1000 a.C.–500 d.C. — Imperi classici…/06_Mediterraneo europeo ed Europa centro-occidentale/Centri abitati/04_Massalia","True","True"
"presente_in_entrambi","03_P3 · 1000 a.C.–500 d.C. — Imperi classici…","06_Mediterraneo europeo ed Europa centro-occidentale","05_Costantinopoli","03_P3 · 1000 a.C.–500 d.C. — Imperi classici…/06_Mediterraneo europeo ed Europa centro-occidentale/Centri abitati/05_Costantinopoli","True","True"
"presente_in_entrambi","03_P3 · 1000 a.C.–500 d.C. — Imperi classici…","07_Africa subsahariana","01_Meroe","03_P3 · 1000 a.C.–500 d.C. — Imperi classici…/07_Africa subsahariana/Centri abitati/01_Meroe","True","True"
"presente_in_entrambi","03_P3 · 1000 a.C.–500 d.C. — Imperi classici…","07_Africa subsahariana","02_Aksum","03_P3 · 1000 a.C.–500 d.C. — Imperi classici…/07_Africa subsahariana/Centri abitati/02_Aksum","True","True"
"presente_in_entrambi","03_P3 · 1000 a.C.–500 d.C. — Imperi classici…","07_Africa subsahariana","03_Jenne_Jeno","03_P3 · 1000 a.C.–500 d.C. — Imperi classici…/07_Africa subsahariana/Centri abitati/03_Jenne_Jeno","True","True"
"presente_in_entrambi","03_P3 · 1000 a.C.–500 d.C. — Imperi classici…","07_Africa subsahariana","03_Jenne-jeno e prime città regionali","03_P3 · 1000 a.C.–500 d.C. — Imperi classici…/07_Africa subsahariana/Centri abitati/03_Jenne-jeno e prime città regionali","True","True"
"presente_in_entrambi","03_P3 · 1000 a.C.–500 d.C. — Imperi classici…","07_Africa subsahariana","04_Nok_Taruga","03_P3 · 1000 a.C.–500 d.C. — Imperi classici…/07_Africa subsahariana/Centri abitati/04_Nok_Taruga","True","True"
"presente_in_entrambi","03_P3 · 1000 a.C.–500 d.C. — Imperi classici…","07_Africa subsahariana","05_Daima","03_P3 · 1000 a.C.–500 d.C. — Imperi classici…/07_Africa subsahariana/Centri abitati/05_Daima","True","True"
"presente_in_entrambi","03_P3 · 1000 a.C.–500 d.C. — Imperi classici…","08_Mesoamerica","01_Teotihuacan","03_P3 · 1000 a.C.–500 d.C. — Imperi classici…/08_Mesoamerica/Centri abitati/01_Teotihuacan","True","True"
"presente_in_entrambi","03_P3 · 1000 a.C.–500 d.C. — Imperi classici…","08_Mesoamerica","02_Monte Albán","03_P3 · 1000 a.C.–500 d.C. — Imperi classici…/08_Mesoamerica/Centri abitati/02_Monte Albán","True","True"
"presente_in_entrambi","03_P3 · 1000 a.C.–500 d.C. — Imperi classici…","08_Mesoamerica","02_Monte_Alban","03_P3 · 1000 a.C.–500 d.C. — Imperi classici…/08_Mesoamerica/Centri abitati/02_Monte_Alban","True","True"
"presente_in_entrambi","03_P3 · 1000 a.C.–500 d.C. — Imperi classici…","08_Mesoamerica","03_Tikal","03_P3 · 1000 a.C.–500 d.C. — Imperi classici…/08_Mesoamerica/Centri abitati/03_Tikal","True","True"
"presente_in_entrambi","03_P3 · 1000 a.C.–500 d.C. — Imperi classici…","08_Mesoamerica","03_Tikal e città maya classiche","03_P3 · 1000 a.C.–500 d.C. — Imperi classici…/08_Mesoamerica/Centri abitati/03_Tikal e città maya classiche","True","True"
"presente_in_entrambi","03_P3 · 1000 a.C.–500 d.C. — Imperi classici…","08_Mesoamerica","04_Calakmul","03_P3 · 1000 a.C.–500 d.C. — Imperi classici…/08_Mesoamerica/Centri abitati/04_Calakmul","True","True"
"presente_in_entrambi","03_P3 · 1000 a.C.–500 d.C. — Imperi classici…","08_Mesoamerica","05_Copan","03_P3 · 1000 a.C.–500 d.C. — Imperi classici…/08_Mesoamerica/Centri abitati/05_Copan","True","True"
"presente_in_entrambi","03_P3 · 1000 a.C.–500 d.C. — Imperi classici…","09_Ande centrali","01_Cahuachi_Nasca","03_P3 · 1000 a.C.–500 d.C. — Imperi classici…/09_Ande centrali/Centri abitati/01_Cahuachi_Nasca","True","True"
"presente_in_entrambi","03_P3 · 1000 a.C.–500 d.C. — Imperi classici…","09_Ande centrali","01_Nazca","03_P3 · 1000 a.C.–500 d.C. — Imperi classici…/09_Ande centrali/Centri abitati/01_Nazca","True","True"
"presente_in_entrambi","03_P3 · 1000 a.C.–500 d.C. — Imperi classici…","09_Ande centrali","02_Huacas_de_Moche","03_P3 · 1000 a.C.–500 d.C. — Imperi classici…/09_Ande centrali/Centri abitati/02_Huacas_de_Moche","True","True"
"presente_in_entrambi","03_P3 · 1000 a.C.–500 d.C. — Imperi classici…","09_Ande centrali","02_Moche","03_P3 · 1000 a.C.–500 d.C. — Imperi classici…/09_Ande centrali/Centri abitati/02_Moche","True","True"
"presente_in_entrambi","03_P3 · 1000 a.C.–500 d.C. — Imperi classici…","09_Ande centrali","03_Tiwanaku","03_P3 · 1000 a.C.–500 d.C. — Imperi classici…/09_Ande centrali/Centri abitati/03_Tiwanaku","True","True"
"presente_in_entrambi","03_P3 · 1000 a.C.–500 d.C. — Imperi classici…","09_Ande centrali","03_Tiwanaku e primi sistemi Wari","03_P3 · 1000 a.C.–500 d.C. — Imperi classici…/09_Ande centrali/Centri abitati/03_Tiwanaku e primi sistemi Wari","True","True"
"presente_in_entrambi","03_P3 · 1000 a.C.–500 d.C. — Imperi classici…","09_Ande centrali","04_Wari_Iniziale","03_P3 · 1000 a.C.–500 d.C. — Imperi classici…/09_Ande centrali/Centri abitati/04_Wari_Iniziale","True","True"
"presente_in_entrambi","03_P3 · 1000 a.C.–500 d.C. — Imperi classici…","09_Ande centrali","05_Pachacamac","03_P3 · 1000 a.C.–500 d.C. — Imperi classici…/09_Ande centrali/Centri abitati/05_Pachacamac","True","True"
"presente_in_entrambi","03_P3 · 1000 a.C.–500 d.C. — Imperi classici…","10_America settentrionale precoloniale e coloniale","01_Grave_Creek_Mound","03_P3 · 1000 a.C.–500 d.C. — Imperi classici…/10_America settentrionale precoloniale e coloniale/Centri abitati/01_Grave_Creek_Mound","True","True"
"presente_in_entrambi","03_P3 · 1000 a.C.–500 d.C. — Imperi classici…","10_America settentrionale precoloniale e coloniale","02_Mound_City_Group","03_P3 · 1000 a.C.–500 d.C. — Imperi classici…/10_America settentrionale precoloniale e coloniale/Centri abitati/02_Mound_City_Group","True","True"
"presente_in_entrambi","03_P3 · 1000 a.C.–500 d.C. — Imperi classici…","10_America settentrionale precoloniale e coloniale","03_Hopewell_Mound_Group","03_P3 · 1000 a.C.–500 d.C. — Imperi classici…/10_America settentrionale precoloniale e coloniale/Centri abitati/03_Hopewell_Mound_Group","True","True"
"presente_in_entrambi","03_P3 · 1000 a.C.–500 d.C. — Imperi classici…","10_America settentrionale precoloniale e coloniale","04_Newark_Earthworks","03_P3 · 1000 a.C.–500 d.C. — Imperi classici…/10_America settentrionale precoloniale e coloniale/Centri abitati/04_Newark_Earthworks","True","True"
"presente_in_entrambi","03_P3 · 1000 a.C.–500 d.C. — Imperi classici…","10_America settentrionale precoloniale e coloniale","05_Fort_Ancient_Earthworks","03_P3 · 1000 a.C.–500 d.C. — Imperi classici…/10_America settentrionale precoloniale e coloniale/Centri abitati/05_Fort_Ancient_Earthworks","True","True"
"presente_in_entrambi","03_P3 · 1000 a.C.–500 d.C. — Imperi classici…","11_Oceania e Pacifico","01_insediamenti in Polinesia occidentale","03_P3 · 1000 a.C.–500 d.C. — Imperi classici…/11_Oceania e Pacifico/Centri abitati/01_insediamenti in Polinesia occidentale","True","True"
"presente_in_entrambi","03_P3 · 1000 a.C.–500 d.C. — Imperi classici…","11_Oceania e Pacifico","01_Nukuleka","03_P3 · 1000 a.C.–500 d.C. — Imperi classici…/11_Oceania e Pacifico/Centri abitati/01_Nukuleka","True","True"
"presente_in_entrambi","03_P3 · 1000 a.C.–500 d.C. — Imperi classici…","11_Oceania e Pacifico","02_Micronesia","03_P3 · 1000 a.C.–500 d.C. — Imperi classici…/11_Oceania e Pacifico/Centri abitati/02_Micronesia","True","True"
"presente_in_entrambi","03_P3 · 1000 a.C.–500 d.C. — Imperi classici…","11_Oceania e Pacifico","02_Mulifanua","03_P3 · 1000 a.C.–500 d.C. — Imperi classici…/11_Oceania e Pacifico/Centri abitati/02_Mulifanua","True","True"
"presente_in_entrambi","03_P3 · 1000 a.C.–500 d.C. — Imperi classici…","11_Oceania e Pacifico","03_Melanesia","03_P3 · 1000 a.C.–500 d.C. — Imperi classici…/11_Oceania e Pacifico/Centri abitati/03_Melanesia","True","True"
"presente_in_entrambi","03_P3 · 1000 a.C.–500 d.C. — Imperi classici…","11_Oceania e Pacifico","03_Sigatoka_Sand_Dunes","03_P3 · 1000 a.C.–500 d.C. — Imperi classici…/11_Oceania e Pacifico/Centri abitati/03_Sigatoka_Sand_Dunes","True","True"
"presente_in_entrambi","03_P3 · 1000 a.C.–500 d.C. — Imperi classici…","11_Oceania e Pacifico","04_Teouma","03_P3 · 1000 a.C.–500 d.C. — Imperi classici…/11_Oceania e Pacifico/Centri abitati/04_Teouma","True","True"
"presente_in_entrambi","03_P3 · 1000 a.C.–500 d.C. — Imperi classici…","11_Oceania e Pacifico","05_Mochong_Pre_Latte","03_P3 · 1000 a.C.–500 d.C. — Imperi classici…/11_Oceania e Pacifico/Centri abitati/05_Mochong_Pre_Latte","True","True"
"presente_in_entrambi","04_P4 · 500–1000 — Sistemi post-classici e r…","01_Asia sud-occidentale e altopiano iranico","01_Damasco","04_P4 · 500–1000 — Sistemi post-classici e r…/01_Asia sud-occidentale e altopiano iranico/Centri abitati/01_Damasco","True","True"
"presente_in_entrambi","04_P4 · 500–1000 — Sistemi post-classici e r…","01_Asia sud-occidentale e altopiano iranico","02_Baghdad","04_P4 · 500–1000 — Sistemi post-classici e r…/01_Asia sud-occidentale e altopiano iranico/Centri abitati/02_Baghdad","True","True"
"presente_in_entrambi","04_P4 · 500–1000 — Sistemi post-classici e r…","01_Asia sud-occidentale e altopiano iranico","03_Gerusalemme","04_P4 · 500–1000 — Sistemi post-classici e r…/01_Asia sud-occidentale e altopiano iranico/Centri abitati/03_Gerusalemme","True","True"
"presente_in_entrambi","04_P4 · 500–1000 — Sistemi post-classici e r…","01_Asia sud-occidentale e altopiano iranico","04_Ctesifonte","04_P4 · 500–1000 — Sistemi post-classici e r…/01_Asia sud-occidentale e altopiano iranico/Centri abitati/04_Ctesifonte","True","True"
"presente_in_entrambi","04_P4 · 500–1000 — Sistemi post-classici e r…","01_Asia sud-occidentale e altopiano iranico","05_Nishapur","04_P4 · 500–1000 — Sistemi post-classici e r…/01_Asia sud-occidentale e altopiano iranico/Centri abitati/05_Nishapur","True","True"
"presente_in_entrambi","04_P4 · 500–1000 — Sistemi post-classici e r…","02_Valle del Nilo e Africa nord-orientale","01_Alessandria","04_P4 · 500–1000 — Sistemi post-classici e r…/02_Valle del Nilo e Africa nord-orientale/Centri abitati/01_Alessandria","True","True"
"presente_in_entrambi","04_P4 · 500–1000 — Sistemi post-classici e r…","02_Valle del Nilo e Africa nord-orientale","02_Fustat","04_P4 · 500–1000 — Sistemi post-classici e r…/02_Valle del Nilo e Africa nord-orientale/Centri abitati/02_Fustat","True","True"
"presente_in_entrambi","04_P4 · 500–1000 — Sistemi post-classici e r…","02_Valle del Nilo e Africa nord-orientale","03_Aksum","04_P4 · 500–1000 — Sistemi post-classici e r…/02_Valle del Nilo e Africa nord-orientale/Centri abitati/03_Aksum","True","True"
"presente_in_entrambi","04_P4 · 500–1000 — Sistemi post-classici e r…","02_Valle del Nilo e Africa nord-orientale","03_Aksum e capitali nubiane","04_P4 · 500–1000 — Sistemi post-classici e r…/02_Valle del Nilo e Africa nord-orientale/Centri abitati/03_Aksum e capitali nubiane","True","True"
"presente_in_entrambi","04_P4 · 500–1000 — Sistemi post-classici e r…","02_Valle del Nilo e Africa nord-orientale","04_Antica_Dongola","04_P4 · 500–1000 — Sistemi post-classici e r…/02_Valle del Nilo e Africa nord-orientale/Centri abitati/04_Antica_Dongola","True","True"
"presente_in_entrambi","04_P4 · 500–1000 — Sistemi post-classici e r…","02_Valle del Nilo e Africa nord-orientale","05_Soba","04_P4 · 500–1000 — Sistemi post-classici e r…/02_Valle del Nilo e Africa nord-orientale/Centri abitati/05_Soba","True","True"
"presente_in_entrambi","04_P4 · 500–1000 — Sistemi post-classici e r…","03_Asia meridionale","01_Kannauj","04_P4 · 500–1000 — Sistemi post-classici e r…/03_Asia meridionale/Centri abitati/01_Kannauj","True","True"
"presente_in_entrambi","04_P4 · 500–1000 — Sistemi post-classici e r…","03_Asia meridionale","02_Kanchipuram","04_P4 · 500–1000 — Sistemi post-classici e r…/03_Asia meridionale/Centri abitati/02_Kanchipuram","True","True"
"presente_in_entrambi","04_P4 · 500–1000 — Sistemi post-classici e r…","03_Asia meridionale","03_Anuradhapura","04_P4 · 500–1000 — Sistemi post-classici e r…/03_Asia meridionale/Centri abitati/03_Anuradhapura","True","True"
"presente_in_entrambi","04_P4 · 500–1000 — Sistemi post-classici e r…","03_Asia meridionale","03_Anuradhapura e città portuali","04_P4 · 500–1000 — Sistemi post-classici e r…/03_Asia meridionale/Centri abitati/03_Anuradhapura e città portuali","True","True"
"presente_in_entrambi","04_P4 · 500–1000 — Sistemi post-classici e r…","03_Asia meridionale","04_Mamallapuram","04_P4 · 500–1000 — Sistemi post-classici e r…/03_Asia meridionale/Centri abitati/04_Mamallapuram","True","True"
"presente_in_entrambi","04_P4 · 500–1000 — Sistemi post-classici e r…","03_Asia meridionale","05_Mantai_Mahatittha","04_P4 · 500–1000 — Sistemi post-classici e r…/03_Asia meridionale/Centri abitati/05_Mantai_Mahatittha","True","True"
"presente_in_entrambi","04_P4 · 500–1000 — Sistemi post-classici e r…","04_Asia orientale","01_Changan_Tang","04_P4 · 500–1000 — Sistemi post-classici e r…/04_Asia orientale/Centri abitati/01_Changan_Tang","True","True"
"presente_in_entrambi","04_P4 · 500–1000 — Sistemi post-classici e r…","04_Asia orientale","02_Luoyang_Sui_Tang","04_P4 · 500–1000 — Sistemi post-classici e r…/04_Asia orientale/Centri abitati/02_Luoyang_Sui_Tang","True","True"
"presente_in_entrambi","04_P4 · 500–1000 — Sistemi post-classici e r…","04_Asia orientale","03_Kaifeng_Bianzhou","04_P4 · 500–1000 — Sistemi post-classici e r…/04_Asia orientale/Centri abitati/03_Kaifeng_Bianzhou","True","True"
"presente_in_entrambi","04_P4 · 500–1000 — Sistemi post-classici e r…","04_Asia orientale","04_Nara_Heijo_kyo","04_P4 · 500–1000 — Sistemi post-classici e r…/04_Asia orientale/Centri abitati/04_Nara_Heijo_kyo","True","True"
"presente_in_entrambi","04_P4 · 500–1000 — Sistemi post-classici e r…","04_Asia orientale","05_Heian_kyo","04_P4 · 500–1000 — Sistemi post-classici e r…/04_Asia orientale/Centri abitati/05_Heian_kyo","True","True"
"presente_in_entrambi","04_P4 · 500–1000 — Sistemi post-classici e r…","05_Asia sud-orientale continentale e marittima","01_Hariharalaya_Roluos","04_P4 · 500–1000 — Sistemi post-classici e r…/05_Asia sud-orientale continentale e marittima/Centri abitati/01_Hariharalaya_Roluos","True","True"
"presente_in_entrambi","04_P4 · 500–1000 — Sistemi post-classici e r…","05_Asia sud-orientale continentale e marittima","02_Palembang_Srivijaya","04_P4 · 500–1000 — Sistemi post-classici e r…/05_Asia sud-orientale continentale e marittima/Centri abitati/02_Palembang_Srivijaya","True","True"
"presente_in_entrambi","04_P4 · 500–1000 — Sistemi post-classici e r…","05_Asia sud-orientale continentale e marittima","03_Bagan_Pagan_iniziale","04_P4 · 500–1000 — Sistemi post-classici e r…/05_Asia sud-orientale continentale e marittima/Centri abitati/03_Bagan_Pagan_iniziale","True","True"
"presente_in_entrambi","04_P4 · 500–1000 — Sistemi post-classici e r…","05_Asia sud-orientale continentale e marittima","04_My_Son_Tra_Kieu","04_P4 · 500–1000 — Sistemi post-classici e r…/05_Asia sud-orientale continentale e marittima/Centri abitati/04_My_Son_Tra_Kieu","True","True"
"presente_in_entrambi","04_P4 · 500–1000 — Sistemi post-classici e r…","05_Asia sud-orientale continentale e marittima","05_Indrapura_Dong_Duong","04_P4 · 500–1000 — Sistemi post-classici e r…/05_Asia sud-orientale continentale e marittima/Centri abitati/05_Indrapura_Dong_Duong","True","True"
"presente_in_entrambi","04_P4 · 500–1000 — Sistemi post-classici e r…","06_Mediterraneo europeo ed Europa centro-occidentale","01_Costantinopoli_Bizantina","04_P4 · 500–1000 — Sistemi post-classici e r…/06_Mediterraneo europeo ed Europa centro-occidentale/Centri abitati/01_Costantinopoli_Bizantina","True","True"
"presente_in_entrambi","04_P4 · 500–1000 — Sistemi post-classici e r…","06_Mediterraneo europeo ed Europa centro-occidentale","02_Roma_Altomedievale","04_P4 · 500–1000 — Sistemi post-classici e r…/06_Mediterraneo europeo ed Europa centro-occidentale/Centri abitati/02_Roma_Altomedievale","True","True"
"presente_in_entrambi","04_P4 · 500–1000 — Sistemi post-classici e r…","06_Mediterraneo europeo ed Europa centro-occidentale","03_Ravenna_Bizantina","04_P4 · 500–1000 — Sistemi post-classici e r…/06_Mediterraneo europeo ed Europa centro-occidentale/Centri abitati/03_Ravenna_Bizantina","True","True"
"presente_in_entrambi","04_P4 · 500–1000 — Sistemi post-classici e r…","06_Mediterraneo europeo ed Europa centro-occidentale","04_Cordoba_Omayyade","04_P4 · 500–1000 — Sistemi post-classici e r…/06_Mediterraneo europeo ed Europa centro-occidentale/Centri abitati/04_Cordoba_Omayyade","True","True"
"presente_in_entrambi","04_P4 · 500–1000 — Sistemi post-classici e r…","06_Mediterraneo europeo ed Europa centro-occidentale","05_Aquisgrana_Carolingia","04_P4 · 500–1000 — Sistemi post-classici e r…/06_Mediterraneo europeo ed Europa centro-occidentale/Centri abitati/05_Aquisgrana_Carolingia","True","True"
"presente_in_entrambi","04_P4 · 500–1000 — Sistemi post-classici e r…","07_Africa subsahariana","01_Gao","04_P4 · 500–1000 — Sistemi post-classici e r…/07_Africa subsahariana/Centri abitati/01_Gao","True","True"
"presente_in_entrambi","04_P4 · 500–1000 — Sistemi post-classici e r…","07_Africa subsahariana","01_Jenne_Jeno","04_P4 · 500–1000 — Sistemi post-classici e r…/07_Africa subsahariana/Centri abitati/01_Jenne_Jeno","True","True"
"presente_in_entrambi","04_P4 · 500–1000 — Sistemi post-classici e r…","07_Africa subsahariana","02_Gao_Saney_Gao_Antico","04_P4 · 500–1000 — Sistemi post-classici e r…/07_Africa subsahariana/Centri abitati/02_Gao_Saney_Gao_Antico","True","True"
"presente_in_entrambi","04_P4 · 500–1000 — Sistemi post-classici e r…","07_Africa subsahariana","02_Jenne-jeno","04_P4 · 500–1000 — Sistemi post-classici e r…/07_Africa subsahariana/Centri abitati/02_Jenne-jeno","True","True"
"presente_in_entrambi","04_P4 · 500–1000 — Sistemi post-classici e r…","07_Africa subsahariana","03_Aksum e insediamenti swahili iniziali","04_P4 · 500–1000 — Sistemi post-classici e r…/07_Africa subsahariana/Centri abitati/03_Aksum e insediamenti swahili iniziali","True","True"
"presente_in_entrambi","04_P4 · 500–1000 — Sistemi post-classici e r…","07_Africa subsahariana","03_Aksum_Tardoantica","04_P4 · 500–1000 — Sistemi post-classici e r…/07_Africa subsahariana/Centri abitati/03_Aksum_Tardoantica","True","True"
"presente_in_entrambi","04_P4 · 500–1000 — Sistemi post-classici e r…","07_Africa subsahariana","04_Unguja_Ukuu","04_P4 · 500–1000 — Sistemi post-classici e r…/07_Africa subsahariana/Centri abitati/04_Unguja_Ukuu","True","True"
"presente_in_entrambi","04_P4 · 500–1000 — Sistemi post-classici e r…","07_Africa subsahariana","05_Shanga_Pate","04_P4 · 500–1000 — Sistemi post-classici e r…/07_Africa subsahariana/Centri abitati/05_Shanga_Pate","True","True"
"presente_in_entrambi","04_P4 · 500–1000 — Sistemi post-classici e r…","08_Mesoamerica","01_città maya classiche tarde","04_P4 · 500–1000 — Sistemi post-classici e r…/08_Mesoamerica/Centri abitati/01_città maya classiche tarde","True","True"
"presente_in_entrambi","04_P4 · 500–1000 — Sistemi post-classici e r…","08_Mesoamerica","01_Tikal_Tardo_Classica","04_P4 · 500–1000 — Sistemi post-classici e r…/08_Mesoamerica/Centri abitati/01_Tikal_Tardo_Classica","True","True"
"presente_in_entrambi","04_P4 · 500–1000 — Sistemi post-classici e r…","08_Mesoamerica","02_Tula e centri postclassici","04_P4 · 500–1000 — Sistemi post-classici e r…/08_Mesoamerica/Centri abitati/02_Tula e centri postclassici","True","True"
"presente_in_entrambi","04_P4 · 500–1000 — Sistemi post-classici e r…","08_Mesoamerica","02_Uxmal_Puuc","04_P4 · 500–1000 — Sistemi post-classici e r…/08_Mesoamerica/Centri abitati/02_Uxmal_Puuc","True","True"
"presente_in_entrambi","04_P4 · 500–1000 — Sistemi post-classici e r…","08_Mesoamerica","03_Chichen_Itza_Terminale","04_P4 · 500–1000 — Sistemi post-classici e r…/08_Mesoamerica/Centri abitati/03_Chichen_Itza_Terminale","True","True"
"presente_in_entrambi","04_P4 · 500–1000 — Sistemi post-classici e r…","08_Mesoamerica","04_El_Tajin","04_P4 · 500–1000 — Sistemi post-classici e r…/08_Mesoamerica/Centri abitati/04_El_Tajin","True","True"
"presente_in_entrambi","04_P4 · 500–1000 — Sistemi post-classici e r…","08_Mesoamerica","05_Tula_Chico_Grande","04_P4 · 500–1000 — Sistemi post-classici e r…/08_Mesoamerica/Centri abitati/05_Tula_Chico_Grande","True","True"
"presente_in_entrambi","04_P4 · 500–1000 — Sistemi post-classici e r…","09_Ande centrali","01_Wari","04_P4 · 500–1000 — Sistemi post-classici e r…/09_Ande centrali/Centri abitati/01_Wari","True","True"
"presente_in_entrambi","04_P4 · 500–1000 — Sistemi post-classici e r…","09_Ande centrali","01_Wari_Capitale","04_P4 · 500–1000 — Sistemi post-classici e r…/09_Ande centrali/Centri abitati/01_Wari_Capitale","True","True"
"presente_in_entrambi","04_P4 · 500–1000 — Sistemi post-classici e r…","09_Ande centrali","02_Tiwanaku","04_P4 · 500–1000 — Sistemi post-classici e r…/09_Ande centrali/Centri abitati/02_Tiwanaku","True","True"
"presente_in_entrambi","04_P4 · 500–1000 — Sistemi post-classici e r…","09_Ande centrali","02_Tiwanaku_Centro_Spirituale","04_P4 · 500–1000 — Sistemi post-classici e r…/09_Ande centrali/Centri abitati/02_Tiwanaku_Centro_Spirituale","True","True"
"presente_in_entrambi","04_P4 · 500–1000 — Sistemi post-classici e r…","09_Ande centrali","03_Chan Chan iniziale e centri regionali","04_P4 · 500–1000 — Sistemi post-classici e r…/09_Ande centrali/Centri abitati/03_Chan Chan iniziale e centri regionali","True","True"
"presente_in_entrambi","04_P4 · 500–1000 — Sistemi post-classici e r…","09_Ande centrali","03_Pachacamac_Wari","04_P4 · 500–1000 — Sistemi post-classici e r…/09_Ande centrali/Centri abitati/03_Pachacamac_Wari","True","True"
"presente_in_entrambi","04_P4 · 500–1000 — Sistemi post-classici e r…","09_Ande centrali","04_Cerro_Baul_Enclave_Wari","04_P4 · 500–1000 — Sistemi post-classici e r…/09_Ande centrali/Centri abitati/04_Cerro_Baul_Enclave_Wari","True","True"
"presente_in_entrambi","04_P4 · 500–1000 — Sistemi post-classici e r…","09_Ande centrali","05_Chan_Chan_Iniziale","04_P4 · 500–1000 — Sistemi post-classici e r…/09_Ande centrali/Centri abitati/05_Chan_Chan_Iniziale","True","True"
"presente_in_entrambi","04_P4 · 500–1000 — Sistemi post-classici e r…","10_America settentrionale precoloniale e coloniale","01_Chaco_Canyon_Pueblo_Bonito","04_P4 · 500–1000 — Sistemi post-classici e r…/10_America settentrionale precoloniale e coloniale/Centri abitati/01_Chaco_Canyon_Pueblo_Bonito","True","True"
"presente_in_entrambi","04_P4 · 500–1000 — Sistemi post-classici e r…","10_America settentrionale precoloniale e coloniale","02_Mesa_Verde_Pueblo_I_II","04_P4 · 500–1000 — Sistemi post-classici e r…/10_America settentrionale precoloniale e coloniale/Centri abitati/02_Mesa_Verde_Pueblo_I_II","True","True"
"presente_in_entrambi","04_P4 · 500–1000 — Sistemi post-classici e r…","10_America settentrionale precoloniale e coloniale","03_Snaketown_Hohokam","04_P4 · 500–1000 — Sistemi post-classici e r…/10_America settentrionale precoloniale e coloniale/Centri abitati/03_Snaketown_Hohokam","True","True"
"presente_in_entrambi","04_P4 · 500–1000 — Sistemi post-classici e r…","10_America settentrionale precoloniale e coloniale","04_Ocmulgee_Macon_Plateau","04_P4 · 500–1000 — Sistemi post-classici e r…/10_America settentrionale precoloniale e coloniale/Centri abitati/04_Ocmulgee_Macon_Plateau","True","True"
"presente_in_entrambi","04_P4 · 500–1000 — Sistemi post-classici e r…","10_America settentrionale precoloniale e coloniale","05_Spiro_Mounds_Iniziale","04_P4 · 500–1000 — Sistemi post-classici e r…/10_America settentrionale precoloniale e coloniale/Centri abitati/05_Spiro_Mounds_Iniziale","True","True"
"presente_in_entrambi","04_P4 · 500–1000 — Sistemi post-classici e r…","11_Oceania e Pacifico","01_espansione verso Polinesia orientale","04_P4 · 500–1000 — Sistemi post-classici e r…/11_Oceania e Pacifico/Centri abitati/01_espansione verso Polinesia orientale","True","True"
"presente_in_entrambi","04_P4 · 500–1000 — Sistemi post-classici e r…","11_Oceania e Pacifico","01_Maloata_Tutuila","04_P4 · 500–1000 — Sistemi post-classici e r…/11_Oceania e Pacifico/Centri abitati/01_Maloata_Tutuila","True","True"
"presente_in_entrambi","04_P4 · 500–1000 — Sistemi post-classici e r…","11_Oceania e Pacifico","02_primi insediamenti in Hawaii e altre isole","04_P4 · 500–1000 — Sistemi post-classici e r…/11_Oceania e Pacifico/Centri abitati/02_primi insediamenti in Hawaii e altre isole","True","True"
"presente_in_entrambi","04_P4 · 500–1000 — Sistemi post-classici e r…","11_Oceania e Pacifico","02_Tataga_Matau_Leone","04_P4 · 500–1000 — Sistemi post-classici e r…/11_Oceania e Pacifico/Centri abitati/02_Tataga_Matau_Leone","True","True"
"presente_in_entrambi","04_P4 · 500–1000 — Sistemi post-classici e r…","11_Oceania e Pacifico","03_Rock_Islands_Palau","04_P4 · 500–1000 — Sistemi post-classici e r…/11_Oceania e Pacifico/Centri abitati/03_Rock_Islands_Palau","True","True"
"presente_in_entrambi","04_P4 · 500–1000 — Sistemi post-classici e r…","11_Oceania e Pacifico","04_Pagat_Guam_Transizione_Latte","04_P4 · 500–1000 — Sistemi post-classici e r…/11_Oceania e Pacifico/Centri abitati/04_Pagat_Guam_Transizione_Latte","True","True"
"presente_in_entrambi","04_P4 · 500–1000 — Sistemi post-classici e r…","11_Oceania e Pacifico","05_Hane_Ua_Huka","04_P4 · 500–1000 — Sistemi post-classici e r…/11_Oceania e Pacifico/Centri abitati/05_Hane_Ua_Huka","True","True"
"presente_in_entrambi","05_P5 · 1000–1500 — Espansione commerciale e…","01_Asia sud-occidentale e altopiano iranico","01_Baghdad_Abbaside_Ilkhanide","05_P5 · 1000–1500 — Espansione commerciale e…/01_Asia sud-occidentale e altopiano iranico/Centri abitati/01_Baghdad_Abbaside_Ilkhanide","True","True"
"presente_in_entrambi","05_P5 · 1000–1500 — Espansione commerciale e…","01_Asia sud-occidentale e altopiano iranico","02_Damasco_Ayyubide_Mamelucca","05_P5 · 1000–1500 — Espansione commerciale e…/01_Asia sud-occidentale e altopiano iranico/Centri abitati/02_Damasco_Ayyubide_Mamelucca","True","True"
"presente_in_entrambi","05_P5 · 1000–1500 — Espansione commerciale e…","01_Asia sud-occidentale e altopiano iranico","03_Gerusalemme_Crociata_Ayyubide_Mamelucca","05_P5 · 1000–1500 — Espansione commerciale e…/01_Asia sud-occidentale e altopiano iranico/Centri abitati/03_Gerusalemme_Crociata_Ayyubide_Mamelucca","True","True"
"presente_in_entrambi","05_P5 · 1000–1500 — Espansione commerciale e…","01_Asia sud-occidentale e altopiano iranico","04_Tabriz_Ilkhanide","05_P5 · 1000–1500 — Espansione commerciale e…/01_Asia sud-occidentale e altopiano iranico/Centri abitati/04_Tabriz_Ilkhanide","True","True"
"presente_in_entrambi","05_P5 · 1000–1500 — Espansione commerciale e…","01_Asia sud-occidentale e altopiano iranico","05_Isfahan_Selgiuchide_Ilkhanide","05_P5 · 1000–1500 — Espansione commerciale e…/01_Asia sud-occidentale e altopiano iranico/Centri abitati/05_Isfahan_Selgiuchide_Ilkhanide","True","True"
"presente_in_entrambi","05_P5 · 1000–1500 — Espansione commerciale e…","02_Valle del Nilo e Africa nord-orientale","01_Cairo","05_P5 · 1000–1500 — Espansione commerciale e…/02_Valle del Nilo e Africa nord-orientale/Centri abitati/01_Cairo","True","True"
"presente_in_entrambi","05_P5 · 1000–1500 — Espansione commerciale e…","02_Valle del Nilo e Africa nord-orientale","01_Cairo_Fatimide_Ayyubide_Mamelucco","05_P5 · 1000–1500 — Espansione commerciale e…/02_Valle del Nilo e Africa nord-orientale/Centri abitati/01_Cairo_Fatimide_Ayyubide_Mamelucco","True","True"
"presente_in_entrambi","05_P5 · 1000–1500 — Espansione commerciale e…","02_Valle del Nilo e Africa nord-orientale","02_Alessandria","05_P5 · 1000–1500 — Espansione commerciale e…/02_Valle del Nilo e Africa nord-orientale/Centri abitati/02_Alessandria","True","True"
"presente_in_entrambi","05_P5 · 1000–1500 — Espansione commerciale e…","02_Valle del Nilo e Africa nord-orientale","02_Alessandria_Fatimide_Ayyubide_Mamelucca","05_P5 · 1000–1500 — Espansione commerciale e…/02_Valle del Nilo e Africa nord-orientale/Centri abitati/02_Alessandria_Fatimide_Ayyubide_Mamelucca","True","True"
"presente_in_entrambi","05_P5 · 1000–1500 — Espansione commerciale e…","02_Valle del Nilo e Africa nord-orientale","03_Lalibela e città nubiane","05_P5 · 1000–1500 — Espansione commerciale e…/02_Valle del Nilo e Africa nord-orientale/Centri abitati/03_Lalibela e città nubiane","True","True"
"presente_in_entrambi","05_P5 · 1000–1500 — Espansione commerciale e…","02_Valle del Nilo e Africa nord-orientale","03_Lalibela_Zagwe","05_P5 · 1000–1500 — Espansione commerciale e…/02_Valle del Nilo e Africa nord-orientale/Centri abitati/03_Lalibela_Zagwe","True","True"
"presente_in_entrambi","05_P5 · 1000–1500 — Espansione commerciale e…","02_Valle del Nilo e Africa nord-orientale","04_Antica_Dongola_Makuria","05_P5 · 1000–1500 — Espansione commerciale e…/02_Valle del Nilo e Africa nord-orientale/Centri abitati/04_Antica_Dongola_Makuria","True","True"
"presente_in_entrambi","05_P5 · 1000–1500 — Espansione commerciale e…","02_Valle del Nilo e Africa nord-orientale","05_Soba_Capitale_Alodia","05_P5 · 1000–1500 — Espansione commerciale e…/02_Valle del Nilo e Africa nord-orientale/Centri abitati/05_Soba_Capitale_Alodia","True","True"
"presente_in_entrambi","05_P5 · 1000–1500 — Espansione commerciale e…","03_Asia meridionale","01_Delhi","05_P5 · 1000–1500 — Espansione commerciale e…/03_Asia meridionale/Centri abitati/01_Delhi","True","True"
"presente_in_entrambi","05_P5 · 1000–1500 — Espansione commerciale e…","03_Asia meridionale","01_Delhi_Sultaniale","05_P5 · 1000–1500 — Espansione commerciale e…/03_Asia meridionale/Centri abitati/01_Delhi_Sultaniale","True","True"
"presente_in_entrambi","05_P5 · 1000–1500 — Espansione commerciale e…","03_Asia meridionale","02_Vijayanagara","05_P5 · 1000–1500 — Espansione commerciale e…/03_Asia meridionale/Centri abitati/02_Vijayanagara","True","True"
"presente_in_entrambi","05_P5 · 1000–1500 — Espansione commerciale e…","03_Asia meridionale","02_Vijayanagara_Hampi","05_P5 · 1000–1500 — Espansione commerciale e…/03_Asia meridionale/Centri abitati/02_Vijayanagara_Hampi","True","True"
"presente_in_entrambi","05_P5 · 1000–1500 — Espansione commerciale e…","03_Asia meridionale","03_Lahore","05_P5 · 1000–1500 — Espansione commerciale e…/03_Asia meridionale/Centri abitati/03_Lahore","True","True"
"presente_in_entrambi","05_P5 · 1000–1500 — Espansione commerciale e…","03_Asia meridionale","03_Lahore_Ghaznavide_Sultaniale","05_P5 · 1000–1500 — Espansione commerciale e…/03_Asia meridionale/Centri abitati/03_Lahore_Ghaznavide_Sultaniale","True","True"
"presente_in_entrambi","05_P5 · 1000–1500 — Espansione commerciale e…","03_Asia meridionale","04_Calicut e porti del Gujarat","05_P5 · 1000–1500 — Espansione commerciale e…/03_Asia meridionale/Centri abitati/04_Calicut e porti del Gujarat","True","True"
"presente_in_entrambi","05_P5 · 1000–1500 — Espansione commerciale e…","03_Asia meridionale","04_Calicut_Kozhikode_Zamorin","05_P5 · 1000–1500 — Espansione commerciale e…/03_Asia meridionale/Centri abitati/04_Calicut_Kozhikode_Zamorin","True","True"
"presente_in_entrambi","05_P5 · 1000–1500 — Espansione commerciale e…","03_Asia meridionale","05_Khambhat_Cambay_Gujarat","05_P5 · 1000–1500 — Espansione commerciale e…/03_Asia meridionale/Centri abitati/05_Khambhat_Cambay_Gujarat","True","True"
"presente_in_entrambi","05_P5 · 1000–1500 — Espansione commerciale e…","04_Asia orientale","01_Kaifeng","05_P5 · 1000–1500 — Espansione commerciale e…/04_Asia orientale/Centri abitati/01_Kaifeng","True","True"
"presente_in_entrambi","05_P5 · 1000–1500 — Espansione commerciale e…","04_Asia orientale","01_Kaifeng_Bianjing_Song","05_P5 · 1000–1500 — Espansione commerciale e…/04_Asia orientale/Centri abitati/01_Kaifeng_Bianjing_Song","True","True"
"presente_in_entrambi","05_P5 · 1000–1500 — Espansione commerciale e…","04_Asia orientale","02_Hangzhou","05_P5 · 1000–1500 — Espansione commerciale e…/04_Asia orientale/Centri abitati/02_Hangzhou","True","True"
"presente_in_entrambi","05_P5 · 1000–1500 — Espansione commerciale e…","04_Asia orientale","02_Hangzhou_Linan_Song","05_P5 · 1000–1500 — Espansione commerciale e…/04_Asia orientale/Centri abitati/02_Hangzhou_Linan_Song","True","True"
"presente_in_entrambi","05_P5 · 1000–1500 — Espansione commerciale e…","04_Asia orientale","03_Beijing_Dadu_Yuan_Ming","05_P5 · 1000–1500 — Espansione commerciale e…/04_Asia orientale/Centri abitati/03_Beijing_Dadu_Yuan_Ming","True","True"
"presente_in_entrambi","05_P5 · 1000–1500 — Espansione commerciale e…","04_Asia orientale","03_Pechino","05_P5 · 1000–1500 — Espansione commerciale e…/04_Asia orientale/Centri abitati/03_Pechino","True","True"
"presente_in_entrambi","05_P5 · 1000–1500 — Espansione commerciale e…","04_Asia orientale","04_Kyoto","05_P5 · 1000–1500 — Espansione commerciale e…/04_Asia orientale/Centri abitati/04_Kyoto","True","True"
"presente_in_entrambi","05_P5 · 1000–1500 — Espansione commerciale e…","04_Asia orientale","04_Kyoto_Heian_Muromachi","05_P5 · 1000–1500 — Espansione commerciale e…/04_Asia orientale/Centri abitati/04_Kyoto_Heian_Muromachi","True","True"
"presente_in_entrambi","05_P5 · 1000–1500 — Espansione commerciale e…","04_Asia orientale","05_Kamakura","05_P5 · 1000–1500 — Espansione commerciale e…/04_Asia orientale/Centri abitati/05_Kamakura","True","True"
"presente_in_entrambi","05_P5 · 1000–1500 — Espansione commerciale e…","04_Asia orientale","05_Kamakura_Shogunale","05_P5 · 1000–1500 — Espansione commerciale e…/04_Asia orientale/Centri abitati/05_Kamakura_Shogunale","True","True"
"presente_in_entrambi","05_P5 · 1000–1500 — Espansione commerciale e…","05_Asia sud-orientale continentale e marittima","01_Angkor_Impero_Khmer","05_P5 · 1000–1500 — Espansione commerciale e…/05_Asia sud-orientale continentale e marittima/Centri abitati/01_Angkor_Impero_Khmer","True","True"
"presente_in_entrambi","05_P5 · 1000–1500 — Espansione commerciale e…","05_Asia sud-orientale continentale e marittima","02_Bagan_Impero_Pagan","05_P5 · 1000–1500 — Espansione commerciale e…/05_Asia sud-orientale continentale e marittima/Centri abitati/02_Bagan_Impero_Pagan","True","True"
"presente_in_entrambi","05_P5 · 1000–1500 — Espansione commerciale e…","05_Asia sud-orientale continentale e marittima","03_Ayutthaya_Capitale_Siamese","05_P5 · 1000–1500 — Espansione commerciale e…/05_Asia sud-orientale continentale e marittima/Centri abitati/03_Ayutthaya_Capitale_Siamese","True","True"
"presente_in_entrambi","05_P5 · 1000–1500 — Espansione commerciale e…","05_Asia sud-orientale continentale e marittima","04_Melaka_Sultanato_Malese","05_P5 · 1000–1500 — Espansione commerciale e…/05_Asia sud-orientale continentale e marittima/Centri abitati/04_Melaka_Sultanato_Malese","True","True"
"presente_in_entrambi","05_P5 · 1000–1500 — Espansione commerciale e…","05_Asia sud-orientale continentale e marittima","05_Trowulan_Majapahit","05_P5 · 1000–1500 — Espansione commerciale e…/05_Asia sud-orientale continentale e marittima/Centri abitati/05_Trowulan_Majapahit","True","True"
"presente_in_entrambi","05_P5 · 1000–1500 — Espansione commerciale e…","06_Mediterraneo europeo ed Europa centro-occidentale","01_Costantinopoli_Tardo_Bizantina","05_P5 · 1000–1500 — Espansione commerciale e…/06_Mediterraneo europeo ed Europa centro-occidentale/Centri abitati/01_Costantinopoli_Tardo_Bizantina","True","True"
"presente_in_entrambi","05_P5 · 1000–1500 — Espansione commerciale e…","06_Mediterraneo europeo ed Europa centro-occidentale","02_Venezia_Repubblica_Marittima","05_P5 · 1000–1500 — Espansione commerciale e…/06_Mediterraneo europeo ed Europa centro-occidentale/Centri abitati/02_Venezia_Repubblica_Marittima","True","True"
"presente_in_entrambi","05_P5 · 1000–1500 — Espansione commerciale e…","06_Mediterraneo europeo ed Europa centro-occidentale","03_Firenze_Comunale_Rinascimentale","05_P5 · 1000–1500 — Espansione commerciale e…/06_Mediterraneo europeo ed Europa centro-occidentale/Centri abitati/03_Firenze_Comunale_Rinascimentale","True","True"
"presente_in_entrambi","05_P5 · 1000–1500 — Espansione commerciale e…","06_Mediterraneo europeo ed Europa centro-occidentale","04_Parigi_Capetingia_Valois","05_P5 · 1000–1500 — Espansione commerciale e…/06_Mediterraneo europeo ed Europa centro-occidentale/Centri abitati/04_Parigi_Capetingia_Valois","True","True"
"presente_in_entrambi","05_P5 · 1000–1500 — Espansione commerciale e…","06_Mediterraneo europeo ed Europa centro-occidentale","05_Londra_Medievale","05_P5 · 1000–1500 — Espansione commerciale e…/06_Mediterraneo europeo ed Europa centro-occidentale/Centri abitati/05_Londra_Medievale","True","True"
"presente_in_entrambi","05_P5 · 1000–1500 — Espansione commerciale e…","07_Africa subsahariana","01_Timbuctù","05_P5 · 1000–1500 — Espansione commerciale e…/07_Africa subsahariana/Centri abitati/01_Timbuctù","True","True"
"presente_in_entrambi","05_P5 · 1000–1500 — Espansione commerciale e…","07_Africa subsahariana","01_Timbuctu_Saheliana","05_P5 · 1000–1500 — Espansione commerciale e…/07_Africa subsahariana/Centri abitati/01_Timbuctu_Saheliana","True","True"
"presente_in_entrambi","05_P5 · 1000–1500 — Espansione commerciale e…","07_Africa subsahariana","02_Gao","05_P5 · 1000–1500 — Espansione commerciale e…/07_Africa subsahariana/Centri abitati/02_Gao","True","True"
"presente_in_entrambi","05_P5 · 1000–1500 — Espansione commerciale e…","07_Africa subsahariana","02_Gao_Imperiale","05_P5 · 1000–1500 — Espansione commerciale e…/07_Africa subsahariana/Centri abitati/02_Gao_Imperiale","True","True"
"presente_in_entrambi","05_P5 · 1000–1500 — Espansione commerciale e…","07_Africa subsahariana","03_Kano","05_P5 · 1000–1500 — Espansione commerciale e…/07_Africa subsahariana/Centri abitati/03_Kano","True","True"
"presente_in_entrambi","05_P5 · 1000–1500 — Espansione commerciale e…","07_Africa subsahariana","03_Kano_Hausa","05_P5 · 1000–1500 — Espansione commerciale e…/07_Africa subsahariana/Centri abitati/03_Kano_Hausa","True","True"
"presente_in_entrambi","05_P5 · 1000–1500 — Espansione commerciale e…","07_Africa subsahariana","04_Kilwa","05_P5 · 1000–1500 — Espansione commerciale e…/07_Africa subsahariana/Centri abitati/04_Kilwa","True","True"
"presente_in_entrambi","05_P5 · 1000–1500 — Espansione commerciale e…","07_Africa subsahariana","04_Kilwa_Kisiwani","05_P5 · 1000–1500 — Espansione commerciale e…/07_Africa subsahariana/Centri abitati/04_Kilwa_Kisiwani","True","True"
"presente_in_entrambi","05_P5 · 1000–1500 — Espansione commerciale e…","07_Africa subsahariana","05_Grande_Zimbabwe","05_P5 · 1000–1500 — Espansione commerciale e…/07_Africa subsahariana/Centri abitati/05_Grande_Zimbabwe","True","True"
"presente_in_entrambi","05_P5 · 1000–1500 — Espansione commerciale e…","07_Africa subsahariana","05_Mombasa","05_P5 · 1000–1500 — Espansione commerciale e…/07_Africa subsahariana/Centri abitati/05_Mombasa","True","True"
"presente_in_entrambi","05_P5 · 1000–1500 — Espansione commerciale e…","07_Africa subsahariana","06_Ile-Ife","05_P5 · 1000–1500 — Espansione commerciale e…/07_Africa subsahariana/Centri abitati/06_Ile-Ife","True","True"
"presente_in_entrambi","05_P5 · 1000–1500 — Espansione commerciale e…","07_Africa subsahariana","07_Grande Zimbabwe","05_P5 · 1000–1500 — Espansione commerciale e…/07_Africa subsahariana/Centri abitati/07_Grande Zimbabwe","True","True"
"presente_in_entrambi","05_P5 · 1000–1500 — Espansione commerciale e…","08_Mesoamerica","01_Tenochtitlan","05_P5 · 1000–1500 — Espansione commerciale e…/08_Mesoamerica/Centri abitati/01_Tenochtitlan","True","True"
"presente_in_entrambi","05_P5 · 1000–1500 — Espansione commerciale e…","08_Mesoamerica","01_Tenochtitlan_Mexica","05_P5 · 1000–1500 — Espansione commerciale e…/08_Mesoamerica/Centri abitati/01_Tenochtitlan_Mexica","True","True"
"presente_in_entrambi","05_P5 · 1000–1500 — Espansione commerciale e…","08_Mesoamerica","02_Texcoco","05_P5 · 1000–1500 — Espansione commerciale e…/08_Mesoamerica/Centri abitati/02_Texcoco","True","True"
"presente_in_entrambi","05_P5 · 1000–1500 — Espansione commerciale e…","08_Mesoamerica","02_Texcoco_Acolhua","05_P5 · 1000–1500 — Espansione commerciale e…/08_Mesoamerica/Centri abitati/02_Texcoco_Acolhua","True","True"
"presente_in_entrambi","05_P5 · 1000–1500 — Espansione commerciale e…","08_Mesoamerica","03_Tlatelolco","05_P5 · 1000–1500 — Espansione commerciale e…/08_Mesoamerica/Centri abitati/03_Tlatelolco","True","True"
"presente_in_entrambi","05_P5 · 1000–1500 — Espansione commerciale e…","08_Mesoamerica","03_Tlatelolco_Mercato","05_P5 · 1000–1500 — Espansione commerciale e…/08_Mesoamerica/Centri abitati/03_Tlatelolco_Mercato","True","True"
"presente_in_entrambi","05_P5 · 1000–1500 — Espansione commerciale e…","08_Mesoamerica","04_Chichén Itzá tarda e città maya postclass…","05_P5 · 1000–1500 — Espansione commerciale e…/08_Mesoamerica/Centri abitati/04_Chichén Itzá tarda e città maya postclass…","True","True"
"presente_in_entrambi","05_P5 · 1000–1500 — Espansione commerciale e…","08_Mesoamerica","04_Chichen_Itza_Tarda","05_P5 · 1000–1500 — Espansione commerciale e…/08_Mesoamerica/Centri abitati/04_Chichen_Itza_Tarda","True","True"
"presente_in_entrambi","05_P5 · 1000–1500 — Espansione commerciale e…","08_Mesoamerica","05_Mayapan_Capitale","05_P5 · 1000–1500 — Espansione commerciale e…/08_Mesoamerica/Centri abitati/05_Mayapan_Capitale","True","True"
"presente_in_entrambi","05_P5 · 1000–1500 — Espansione commerciale e…","09_Ande centrali","01_Cusco","05_P5 · 1000–1500 — Espansione commerciale e…/09_Ande centrali/Centri abitati/01_Cusco","True","True"
"presente_in_entrambi","05_P5 · 1000–1500 — Espansione commerciale e…","09_Ande centrali","01_Cusco_Imperiale","05_P5 · 1000–1500 — Espansione commerciale e…/09_Ande centrali/Centri abitati/01_Cusco_Imperiale","True","True"
"presente_in_entrambi","05_P5 · 1000–1500 — Espansione commerciale e…","09_Ande centrali","02_Chan Chan e centri provinciali inca","05_P5 · 1000–1500 — Espansione commerciale e…/09_Ande centrali/Centri abitati/02_Chan Chan e centri provinciali inca","True","True"
"presente_in_entrambi","05_P5 · 1000–1500 — Espansione commerciale e…","09_Ande centrali","02_Chan_Chan_Chimu","05_P5 · 1000–1500 — Espansione commerciale e…/09_Ande centrali/Centri abitati/02_Chan_Chan_Chimu","True","True"
"presente_in_entrambi","05_P5 · 1000–1500 — Espansione commerciale e…","09_Ande centrali","03_Pachacamac_Ychma_Inca","05_P5 · 1000–1500 — Espansione commerciale e…/09_Ande centrali/Centri abitati/03_Pachacamac_Ychma_Inca","True","True"
"presente_in_entrambi","05_P5 · 1000–1500 — Espansione commerciale e…","09_Ande centrali","04_Huanuco_Pampa_Inca","05_P5 · 1000–1500 — Espansione commerciale e…/09_Ande centrali/Centri abitati/04_Huanuco_Pampa_Inca","True","True"
"presente_in_entrambi","05_P5 · 1000–1500 — Espansione commerciale e…","09_Ande centrali","05_Ollantaytambo_Inca","05_P5 · 1000–1500 — Espansione commerciale e…/09_Ande centrali/Centri abitati/05_Ollantaytambo_Inca","True","True"
"presente_in_entrambi","05_P5 · 1000–1500 — Espansione commerciale e…","10_America settentrionale precoloniale e coloniale","01_Cahokia_Mississippiana","05_P5 · 1000–1500 — Espansione commerciale e…/10_America settentrionale precoloniale e coloniale/Centri abitati/01_Cahokia_Mississippiana","True","True"
"presente_in_entrambi","05_P5 · 1000–1500 — Espansione commerciale e…","10_America settentrionale precoloniale e coloniale","02_Moundville_Mississippiana","05_P5 · 1000–1500 — Espansione commerciale e…/10_America settentrionale precoloniale e coloniale/Centri abitati/02_Moundville_Mississippiana","True","True"
"presente_in_entrambi","05_P5 · 1000–1500 — Espansione commerciale e…","10_America settentrionale precoloniale e coloniale","03_Etowah_Mounds","05_P5 · 1000–1500 — Espansione commerciale e…/10_America settentrionale precoloniale e coloniale/Centri abitati/03_Etowah_Mounds","True","True"
"presente_in_entrambi","05_P5 · 1000–1500 — Espansione commerciale e…","10_America settentrionale precoloniale e coloniale","04_Chaco_Canyon_Maturo","05_P5 · 1000–1500 — Espansione commerciale e…/10_America settentrionale precoloniale e coloniale/Centri abitati/04_Chaco_Canyon_Maturo","True","True"
"presente_in_entrambi","05_P5 · 1000–1500 — Espansione commerciale e…","10_America settentrionale precoloniale e coloniale","05_Mesa_Verde_Cliff_Dwellings","05_P5 · 1000–1500 — Espansione commerciale e…/10_America settentrionale precoloniale e coloniale/Centri abitati/05_Mesa_Verde_Cliff_Dwellings","True","True"
"presente_in_entrambi","05_P5 · 1000–1500 — Espansione commerciale e…","11_Oceania e Pacifico","01_Nan Madol","05_P5 · 1000–1500 — Espansione commerciale e…/11_Oceania e Pacifico/Centri abitati/01_Nan Madol","True","True"
"presente_in_entrambi","05_P5 · 1000–1500 — Espansione commerciale e…","11_Oceania e Pacifico","01_Nan_Madol_Saudeleur","05_P5 · 1000–1500 — Espansione commerciale e…/11_Oceania e Pacifico/Centri abitati/01_Nan_Madol_Saudeleur","True","True"
"presente_in_entrambi","05_P5 · 1000–1500 — Espansione commerciale e…","11_Oceania e Pacifico","02_Rapa Nui","05_P5 · 1000–1500 — Espansione commerciale e…/11_Oceania e Pacifico/Centri abitati/02_Rapa Nui","True","True"
"presente_in_entrambi","05_P5 · 1000–1500 — Espansione commerciale e…","11_Oceania e Pacifico","02_Rapa_Nui_Ahu_Moai","05_P5 · 1000–1500 — Espansione commerciale e…/11_Oceania e Pacifico/Centri abitati/02_Rapa_Nui_Ahu_Moai","True","True"
"presente_in_entrambi","05_P5 · 1000–1500 — Espansione commerciale e…","11_Oceania e Pacifico","03_complessi hawaiani e insediamenti Māori","05_P5 · 1000–1500 — Espansione commerciale e…/11_Oceania e Pacifico/Centri abitati/03_complessi hawaiani e insediamenti Māori","True","True"
"presente_in_entrambi","05_P5 · 1000–1500 — Espansione commerciale e…","11_Oceania e Pacifico","03_Honaunau_Kona_Reale","05_P5 · 1000–1500 — Espansione commerciale e…/11_Oceania e Pacifico/Centri abitati/03_Honaunau_Kona_Reale","True","True"
"presente_in_entrambi","05_P5 · 1000–1500 — Espansione commerciale e…","11_Oceania e Pacifico","04_Wairau_Bar_Te_Pokohiwi","05_P5 · 1000–1500 — Espansione commerciale e…/11_Oceania e Pacifico/Centri abitati/04_Wairau_Bar_Te_Pokohiwi","True","True"
"presente_in_entrambi","05_P5 · 1000–1500 — Espansione commerciale e…","11_Oceania e Pacifico","05_Pouerua_Pa_Northland","05_P5 · 1000–1500 — Espansione commerciale e…/11_Oceania e Pacifico/Centri abitati/05_Pouerua_Pa_Northland","True","True"
"presente_in_entrambi","06_P6 · 1500–1800 — Imperi oceanici, colonia…","01_Asia sud-occidentale e altopiano iranico","01_Istanbul_Ottomana","06_P6 · 1500–1800 — Imperi oceanici, colonia…/01_Asia sud-occidentale e altopiano iranico/Centri abitati/01_Istanbul_Ottomana","True","True"
"presente_in_entrambi","06_P6 · 1500–1800 — Imperi oceanici, colonia…","01_Asia sud-occidentale e altopiano iranico","02_Isfahan_Safavide","06_P6 · 1500–1800 — Imperi oceanici, colonia…/01_Asia sud-occidentale e altopiano iranico/Centri abitati/02_Isfahan_Safavide","True","True"
"presente_in_entrambi","06_P6 · 1500–1800 — Imperi oceanici, colonia…","01_Asia sud-occidentale e altopiano iranico","03_Aleppo_Ottomana","06_P6 · 1500–1800 — Imperi oceanici, colonia…/01_Asia sud-occidentale e altopiano iranico/Centri abitati/03_Aleppo_Ottomana","True","True"
"presente_in_entrambi","06_P6 · 1500–1800 — Imperi oceanici, colonia…","01_Asia sud-occidentale e altopiano iranico","04_Baghdad_Ottomana_Safavide","06_P6 · 1500–1800 — Imperi oceanici, colonia…/01_Asia sud-occidentale e altopiano iranico/Centri abitati/04_Baghdad_Ottomana_Safavide","True","True"
"presente_in_entrambi","06_P6 · 1500–1800 — Imperi oceanici, colonia…","01_Asia sud-occidentale e altopiano iranico","05_Damasco_Ottomana","06_P6 · 1500–1800 — Imperi oceanici, colonia…/01_Asia sud-occidentale e altopiano iranico/Centri abitati/05_Damasco_Ottomana","True","True"
"presente_in_entrambi","06_P6 · 1500–1800 — Imperi oceanici, colonia…","02_Valle del Nilo e Africa nord-orientale","01_Cairo","06_P6 · 1500–1800 — Imperi oceanici, colonia…/02_Valle del Nilo e Africa nord-orientale/Centri abitati/01_Cairo","True","True"
"presente_in_entrambi","06_P6 · 1500–1800 — Imperi oceanici, colonia…","02_Valle del Nilo e Africa nord-orientale","01_Cairo_Ottomano","06_P6 · 1500–1800 — Imperi oceanici, colonia…/02_Valle del Nilo e Africa nord-orientale/Centri abitati/01_Cairo_Ottomano","True","True"
"presente_in_entrambi","06_P6 · 1500–1800 — Imperi oceanici, colonia…","02_Valle del Nilo e Africa nord-orientale","02_Alessandria","06_P6 · 1500–1800 — Imperi oceanici, colonia…/02_Valle del Nilo e Africa nord-orientale/Centri abitati/02_Alessandria","True","True"
"presente_in_entrambi","06_P6 · 1500–1800 — Imperi oceanici, colonia…","02_Valle del Nilo e Africa nord-orientale","02_Alessandria_Ottomana","06_P6 · 1500–1800 — Imperi oceanici, colonia…/02_Valle del Nilo e Africa nord-orientale/Centri abitati/02_Alessandria_Ottomana","True","True"
"presente_in_entrambi","06_P6 · 1500–1800 — Imperi oceanici, colonia…","02_Valle del Nilo e Africa nord-orientale","03_Gondar e porti del Mar Rosso","06_P6 · 1500–1800 — Imperi oceanici, colonia…/02_Valle del Nilo e Africa nord-orientale/Centri abitati/03_Gondar e porti del Mar Rosso","True","True"
"presente_in_entrambi","06_P6 · 1500–1800 — Imperi oceanici, colonia…","02_Valle del Nilo e Africa nord-orientale","03_Gondar_Imperiale","06_P6 · 1500–1800 — Imperi oceanici, colonia…/02_Valle del Nilo e Africa nord-orientale/Centri abitati/03_Gondar_Imperiale","True","True"
"presente_in_entrambi","06_P6 · 1500–1800 — Imperi oceanici, colonia…","02_Valle del Nilo e Africa nord-orientale","04_Massaua_Ottomana","06_P6 · 1500–1800 — Imperi oceanici, colonia…/02_Valle del Nilo e Africa nord-orientale/Centri abitati/04_Massaua_Ottomana","True","True"
"presente_in_entrambi","06_P6 · 1500–1800 — Imperi oceanici, colonia…","02_Valle del Nilo e Africa nord-orientale","05_Suakin_Ottomana","06_P6 · 1500–1800 — Imperi oceanici, colonia…/02_Valle del Nilo e Africa nord-orientale/Centri abitati/05_Suakin_Ottomana","True","True"
"presente_in_entrambi","06_P6 · 1500–1800 — Imperi oceanici, colonia…","03_Asia meridionale","01_Agra","06_P6 · 1500–1800 — Imperi oceanici, colonia…/03_Asia meridionale/Centri abitati/01_Agra","True","True"
"presente_in_entrambi","06_P6 · 1500–1800 — Imperi oceanici, colonia…","03_Asia meridionale","01_Agra_Moghul","06_P6 · 1500–1800 — Imperi oceanici, colonia…/03_Asia meridionale/Centri abitati/01_Agra_Moghul","True","True"
"presente_in_entrambi","06_P6 · 1500–1800 — Imperi oceanici, colonia…","03_Asia meridionale","02_Delhi","06_P6 · 1500–1800 — Imperi oceanici, colonia…/03_Asia meridionale/Centri abitati/02_Delhi","True","True"
"presente_in_entrambi","06_P6 · 1500–1800 — Imperi oceanici, colonia…","03_Asia meridionale","02_Delhi_Shahjahanabad","06_P6 · 1500–1800 — Imperi oceanici, colonia…/03_Asia meridionale/Centri abitati/02_Delhi_Shahjahanabad","True","True"
"presente_in_entrambi","06_P6 · 1500–1800 — Imperi oceanici, colonia…","03_Asia meridionale","03_Lahore","06_P6 · 1500–1800 — Imperi oceanici, colonia…/03_Asia meridionale/Centri abitati/03_Lahore","True","True"
"presente_in_entrambi","06_P6 · 1500–1800 — Imperi oceanici, colonia…","03_Asia meridionale","03_Lahore_Moghul","06_P6 · 1500–1800 — Imperi oceanici, colonia…/03_Asia meridionale/Centri abitati/03_Lahore_Moghul","True","True"
"presente_in_entrambi","06_P6 · 1500–1800 — Imperi oceanici, colonia…","03_Asia meridionale","04_Dhaka","06_P6 · 1500–1800 — Imperi oceanici, colonia…/03_Asia meridionale/Centri abitati/04_Dhaka","True","True"
"presente_in_entrambi","06_P6 · 1500–1800 — Imperi oceanici, colonia…","03_Asia meridionale","04_Dhaka_Jahangirnagar","06_P6 · 1500–1800 — Imperi oceanici, colonia…/03_Asia meridionale/Centri abitati/04_Dhaka_Jahangirnagar","True","True"
"presente_in_entrambi","06_P6 · 1500–1800 — Imperi oceanici, colonia…","03_Asia meridionale","05_Surat","06_P6 · 1500–1800 — Imperi oceanici, colonia…/03_Asia meridionale/Centri abitati/05_Surat","True","True"
"presente_in_entrambi","06_P6 · 1500–1800 — Imperi oceanici, colonia…","03_Asia meridionale","05_Surat_Porto_Moghul","06_P6 · 1500–1800 — Imperi oceanici, colonia…/03_Asia meridionale/Centri abitati/05_Surat_Porto_Moghul","True","True"
"presente_in_entrambi","06_P6 · 1500–1800 — Imperi oceanici, colonia…","03_Asia meridionale","06_Hyderabad","06_P6 · 1500–1800 — Imperi oceanici, colonia…/03_Asia meridionale/Centri abitati/06_Hyderabad","True","True"
"presente_in_entrambi","06_P6 · 1500–1800 — Imperi oceanici, colonia…","03_Asia meridionale","07_Madras","06_P6 · 1500–1800 — Imperi oceanici, colonia…/03_Asia meridionale/Centri abitati/07_Madras","True","True"
"presente_in_entrambi","06_P6 · 1500–1800 — Imperi oceanici, colonia…","04_Asia orientale","01_Pechino","06_P6 · 1500–1800 — Imperi oceanici, colonia…/04_Asia orientale/Centri abitati/01_Pechino","True","True"
"presente_in_entrambi","06_P6 · 1500–1800 — Imperi oceanici, colonia…","04_Asia orientale","01_Pechino_Ming_Qing","06_P6 · 1500–1800 — Imperi oceanici, colonia…/04_Asia orientale/Centri abitati/01_Pechino_Ming_Qing","True","True"
"presente_in_entrambi","06_P6 · 1500–1800 — Imperi oceanici, colonia…","04_Asia orientale","02_Nanchino","06_P6 · 1500–1800 — Imperi oceanici, colonia…/04_Asia orientale/Centri abitati/02_Nanchino","True","True"
"presente_in_entrambi","06_P6 · 1500–1800 — Imperi oceanici, colonia…","04_Asia orientale","02_Nanchino_Ming_Qing","06_P6 · 1500–1800 — Imperi oceanici, colonia…/04_Asia orientale/Centri abitati/02_Nanchino_Ming_Qing","True","True"
"presente_in_entrambi","06_P6 · 1500–1800 — Imperi oceanici, colonia…","04_Asia orientale","03_Suzhou","06_P6 · 1500–1800 — Imperi oceanici, colonia…/04_Asia orientale/Centri abitati/03_Suzhou","True","True"
"presente_in_entrambi","06_P6 · 1500–1800 — Imperi oceanici, colonia…","04_Asia orientale","03_Suzhou_Ming_Qing","06_P6 · 1500–1800 — Imperi oceanici, colonia…/04_Asia orientale/Centri abitati/03_Suzhou_Ming_Qing","True","True"
"presente_in_entrambi","06_P6 · 1500–1800 — Imperi oceanici, colonia…","04_Asia orientale","04_Edo","06_P6 · 1500–1800 — Imperi oceanici, colonia…/04_Asia orientale/Centri abitati/04_Edo","True","True"
"presente_in_entrambi","06_P6 · 1500–1800 — Imperi oceanici, colonia…","04_Asia orientale","04_Edo_Tokugawa","06_P6 · 1500–1800 — Imperi oceanici, colonia…/04_Asia orientale/Centri abitati/04_Edo_Tokugawa","True","True"
"presente_in_entrambi","06_P6 · 1500–1800 — Imperi oceanici, colonia…","04_Asia orientale","05_Osaka","06_P6 · 1500–1800 — Imperi oceanici, colonia…/04_Asia orientale/Centri abitati/05_Osaka","True","True"
"presente_in_entrambi","06_P6 · 1500–1800 — Imperi oceanici, colonia…","04_Asia orientale","05_Seoul_Hanyang_Joseon","06_P6 · 1500–1800 — Imperi oceanici, colonia…/04_Asia orientale/Centri abitati/05_Seoul_Hanyang_Joseon","True","True"
"presente_in_entrambi","06_P6 · 1500–1800 — Imperi oceanici, colonia…","04_Asia orientale","06_Kyoto","06_P6 · 1500–1800 — Imperi oceanici, colonia…/04_Asia orientale/Centri abitati/06_Kyoto","True","True"
"presente_in_entrambi","06_P6 · 1500–1800 — Imperi oceanici, colonia…","04_Asia orientale","07_Seoul","06_P6 · 1500–1800 — Imperi oceanici, colonia…/04_Asia orientale/Centri abitati/07_Seoul","True","True"
"presente_in_entrambi","06_P6 · 1500–1800 — Imperi oceanici, colonia…","05_Asia sud-orientale continentale e marittima","01_Ayutthaya_Siamese","06_P6 · 1500–1800 — Imperi oceanici, colonia…/05_Asia sud-orientale continentale e marittima/Centri abitati/01_Ayutthaya_Siamese","True","True"
"presente_in_entrambi","06_P6 · 1500–1800 — Imperi oceanici, colonia…","05_Asia sud-orientale continentale e marittima","02_Batavia_VOC","06_P6 · 1500–1800 — Imperi oceanici, colonia…/05_Asia sud-orientale continentale e marittima/Centri abitati/02_Batavia_VOC","True","True"
"presente_in_entrambi","06_P6 · 1500–1800 — Imperi oceanici, colonia…","05_Asia sud-orientale continentale e marittima","03_Manila_Intramuros","06_P6 · 1500–1800 — Imperi oceanici, colonia…/05_Asia sud-orientale continentale e marittima/Centri abitati/03_Manila_Intramuros","True","True"
"presente_in_entrambi","06_P6 · 1500–1800 — Imperi oceanici, colonia…","05_Asia sud-orientale continentale e marittima","04_Melaka_Portoghese_Olandese","06_P6 · 1500–1800 — Imperi oceanici, colonia…/05_Asia sud-orientale continentale e marittima/Centri abitati/04_Melaka_Portoghese_Olandese","True","True"
"presente_in_entrambi","06_P6 · 1500–1800 — Imperi oceanici, colonia…","05_Asia sud-orientale continentale e marittima","05_Phu_Xuan_Hue_Nguyen_Tay_Son","06_P6 · 1500–1800 — Imperi oceanici, colonia…/05_Asia sud-orientale continentale e marittima/Centri abitati/05_Phu_Xuan_Hue_Nguyen_Tay_Son","True","True"
"presente_in_entrambi","06_P6 · 1500–1800 — Imperi oceanici, colonia…","06_Mediterraneo europeo ed Europa centro-occidentale","01_Londra_Tudor_Stuart_Georgiana","06_P6 · 1500–1800 — Imperi oceanici, colonia…/06_Mediterraneo europeo ed Europa centro-occidentale/Centri abitati/01_Londra_Tudor_Stuart_Georgiana","True","True"
"presente_in_entrambi","06_P6 · 1500–1800 — Imperi oceanici, colonia…","06_Mediterraneo europeo ed Europa centro-occidentale","02_Parigi_Monarchica_Rivoluzionaria","06_P6 · 1500–1800 — Imperi oceanici, colonia…/06_Mediterraneo europeo ed Europa centro-occidentale/Centri abitati/02_Parigi_Monarchica_Rivoluzionaria","True","True"
"presente_in_entrambi","06_P6 · 1500–1800 — Imperi oceanici, colonia…","06_Mediterraneo europeo ed Europa centro-occidentale","03_Amsterdam_Secolo_d_Oro","06_P6 · 1500–1800 — Imperi oceanici, colonia…/06_Mediterraneo europeo ed Europa centro-occidentale/Centri abitati/03_Amsterdam_Secolo_d_Oro","True","True"
"presente_in_entrambi","06_P6 · 1500–1800 — Imperi oceanici, colonia…","06_Mediterraneo europeo ed Europa centro-occidentale","04_Madrid_Asburgo_Borbone","06_P6 · 1500–1800 — Imperi oceanici, colonia…/06_Mediterraneo europeo ed Europa centro-occidentale/Centri abitati/04_Madrid_Asburgo_Borbone","True","True"
"presente_in_entrambi","06_P6 · 1500–1800 — Imperi oceanici, colonia…","06_Mediterraneo europeo ed Europa centro-occidentale","05_Lisbona_Marittima_Pombalina","06_P6 · 1500–1800 — Imperi oceanici, colonia…/06_Mediterraneo europeo ed Europa centro-occidentale/Centri abitati/05_Lisbona_Marittima_Pombalina","True","True"
"presente_in_entrambi","06_P6 · 1500–1800 — Imperi oceanici, colonia…","07_Africa subsahariana","01_Benin City","06_P6 · 1500–1800 — Imperi oceanici, colonia…/07_Africa subsahariana/Centri abitati/01_Benin City","True","True"
"presente_in_entrambi","06_P6 · 1500–1800 — Imperi oceanici, colonia…","07_Africa subsahariana","01_Benin_City_Regno_Edo","06_P6 · 1500–1800 — Imperi oceanici, colonia…/07_Africa subsahariana/Centri abitati/01_Benin_City_Regno_Edo","True","True"
"presente_in_entrambi","06_P6 · 1500–1800 — Imperi oceanici, colonia…","07_Africa subsahariana","02_Kumasi","06_P6 · 1500–1800 — Imperi oceanici, colonia…/07_Africa subsahariana/Centri abitati/02_Kumasi","True","True"
"presente_in_entrambi","06_P6 · 1500–1800 — Imperi oceanici, colonia…","07_Africa subsahariana","02_Kumasi_Asante","06_P6 · 1500–1800 — Imperi oceanici, colonia…/07_Africa subsahariana/Centri abitati/02_Kumasi_Asante","True","True"
"presente_in_entrambi","06_P6 · 1500–1800 — Imperi oceanici, colonia…","07_Africa subsahariana","03_Oyo","06_P6 · 1500–1800 — Imperi oceanici, colonia…/07_Africa subsahariana/Centri abitati/03_Oyo","True","True"
"presente_in_entrambi","06_P6 · 1500–1800 — Imperi oceanici, colonia…","07_Africa subsahariana","03_Oyo_Ile_Imperiale","06_P6 · 1500–1800 — Imperi oceanici, colonia…/07_Africa subsahariana/Centri abitati/03_Oyo_Ile_Imperiale","True","True"
"presente_in_entrambi","06_P6 · 1500–1800 — Imperi oceanici, colonia…","07_Africa subsahariana","04_Luanda","06_P6 · 1500–1800 — Imperi oceanici, colonia…/07_Africa subsahariana/Centri abitati/04_Luanda","True","True"
"presente_in_entrambi","06_P6 · 1500–1800 — Imperi oceanici, colonia…","07_Africa subsahariana","04_Luanda_Portoghese_Atlantica","06_P6 · 1500–1800 — Imperi oceanici, colonia…/07_Africa subsahariana/Centri abitati/04_Luanda_Portoghese_Atlantica","True","True"
"presente_in_entrambi","06_P6 · 1500–1800 — Imperi oceanici, colonia…","07_Africa subsahariana","05_Zanzibar e città saheliane","06_P6 · 1500–1800 — Imperi oceanici, colonia…/07_Africa subsahariana/Centri abitati/05_Zanzibar e città saheliane","True","True"
"presente_in_entrambi","06_P6 · 1500–1800 — Imperi oceanici, colonia…","07_Africa subsahariana","05_Zanzibar_Stone_Town_Omanita","06_P6 · 1500–1800 — Imperi oceanici, colonia…/07_Africa subsahariana/Centri abitati/05_Zanzibar_Stone_Town_Omanita","True","True"
"presente_in_entrambi","06_P6 · 1500–1800 — Imperi oceanici, colonia…","08_Mesoamerica","01_Città del Messico","06_P6 · 1500–1800 — Imperi oceanici, colonia…/08_Mesoamerica/Centri abitati/01_Città del Messico","True","True"
"presente_in_entrambi","06_P6 · 1500–1800 — Imperi oceanici, colonia…","08_Mesoamerica","01_Citta_del_Messico_Vicereale","06_P6 · 1500–1800 — Imperi oceanici, colonia…/08_Mesoamerica/Centri abitati/01_Citta_del_Messico_Vicereale","True","True"
"presente_in_entrambi","06_P6 · 1500–1800 — Imperi oceanici, colonia…","08_Mesoamerica","02_Puebla","06_P6 · 1500–1800 — Imperi oceanici, colonia…/08_Mesoamerica/Centri abitati/02_Puebla","True","True"
"presente_in_entrambi","06_P6 · 1500–1800 — Imperi oceanici, colonia…","08_Mesoamerica","02_Puebla_de_los_Angeles","06_P6 · 1500–1800 — Imperi oceanici, colonia…/08_Mesoamerica/Centri abitati/02_Puebla_de_los_Angeles","True","True"
"presente_in_entrambi","06_P6 · 1500–1800 — Imperi oceanici, colonia…","08_Mesoamerica","03_Oaxaca","06_P6 · 1500–1800 — Imperi oceanici, colonia…/08_Mesoamerica/Centri abitati/03_Oaxaca","True","True"
"presente_in_entrambi","06_P6 · 1500–1800 — Imperi oceanici, colonia…","08_Mesoamerica","03_Oaxaca_de_Antequera","06_P6 · 1500–1800 — Imperi oceanici, colonia…/08_Mesoamerica/Centri abitati/03_Oaxaca_de_Antequera","True","True"
"presente_in_entrambi","06_P6 · 1500–1800 — Imperi oceanici, colonia…","08_Mesoamerica","04_Antigua_Guatemala_Capitale","06_P6 · 1500–1800 — Imperi oceanici, colonia…/08_Mesoamerica/Centri abitati/04_Antigua_Guatemala_Capitale","True","True"
"presente_in_entrambi","06_P6 · 1500–1800 — Imperi oceanici, colonia…","08_Mesoamerica","04_Mérida e città minerarie","06_P6 · 1500–1800 — Imperi oceanici, colonia…/08_Mesoamerica/Centri abitati/04_Mérida e città minerarie","True","True"
"presente_in_entrambi","06_P6 · 1500–1800 — Imperi oceanici, colonia…","08_Mesoamerica","05_Merida_dello_Yucatan","06_P6 · 1500–1800 — Imperi oceanici, colonia…/08_Mesoamerica/Centri abitati/05_Merida_dello_Yucatan","True","True"
"presente_in_entrambi","06_P6 · 1500–1800 — Imperi oceanici, colonia…","09_Ande centrali","01_Lima","06_P6 · 1500–1800 — Imperi oceanici, colonia…/09_Ande centrali/Centri abitati/01_Lima","True","True"
"presente_in_entrambi","06_P6 · 1500–1800 — Imperi oceanici, colonia…","09_Ande centrali","01_Lima_Vicereale","06_P6 · 1500–1800 — Imperi oceanici, colonia…/09_Ande centrali/Centri abitati/01_Lima_Vicereale","True","True"
"presente_in_entrambi","06_P6 · 1500–1800 — Imperi oceanici, colonia…","09_Ande centrali","02_Cusco","06_P6 · 1500–1800 — Imperi oceanici, colonia…/09_Ande centrali/Centri abitati/02_Cusco","True","True"
"presente_in_entrambi","06_P6 · 1500–1800 — Imperi oceanici, colonia…","09_Ande centrali","02_Cusco_Coloniale","06_P6 · 1500–1800 — Imperi oceanici, colonia…/09_Ande centrali/Centri abitati/02_Cusco_Coloniale","True","True"
"presente_in_entrambi","06_P6 · 1500–1800 — Imperi oceanici, colonia…","09_Ande centrali","03_Potosí","06_P6 · 1500–1800 — Imperi oceanici, colonia…/09_Ande centrali/Centri abitati/03_Potosí","True","True"
"presente_in_entrambi","06_P6 · 1500–1800 — Imperi oceanici, colonia…","09_Ande centrali","03_Potosi_Mineraria","06_P6 · 1500–1800 — Imperi oceanici, colonia…/09_Ande centrali/Centri abitati/03_Potosi_Mineraria","True","True"
"presente_in_entrambi","06_P6 · 1500–1800 — Imperi oceanici, colonia…","09_Ande centrali","04_Quito","06_P6 · 1500–1800 — Imperi oceanici, colonia…/09_Ande centrali/Centri abitati/04_Quito","True","True"
"presente_in_entrambi","06_P6 · 1500–1800 — Imperi oceanici, colonia…","09_Ande centrali","04_Quito_Coloniale","06_P6 · 1500–1800 — Imperi oceanici, colonia…/09_Ande centrali/Centri abitati/04_Quito_Coloniale","True","True"
"presente_in_entrambi","06_P6 · 1500–1800 — Imperi oceanici, colonia…","09_Ande centrali","05_La Paz","06_P6 · 1500–1800 — Imperi oceanici, colonia…/09_Ande centrali/Centri abitati/05_La Paz","True","True"
"presente_in_entrambi","06_P6 · 1500–1800 — Imperi oceanici, colonia…","09_Ande centrali","05_La_Paz_Coloniale","06_P6 · 1500–1800 — Imperi oceanici, colonia…/09_Ande centrali/Centri abitati/05_La_Paz_Coloniale","True","True"
"presente_in_entrambi","06_P6 · 1500–1800 — Imperi oceanici, colonia…","10_America settentrionale precoloniale e coloniale","01_Quebec_Citta_Fortificata","06_P6 · 1500–1800 — Imperi oceanici, colonia…/10_America settentrionale precoloniale e coloniale/Centri abitati/01_Quebec_Citta_Fortificata","True","True"
"presente_in_entrambi","06_P6 · 1500–1800 — Imperi oceanici, colonia…","10_America settentrionale precoloniale e coloniale","02_Boston_Coloniale_Rivoluzionaria","06_P6 · 1500–1800 — Imperi oceanici, colonia…/10_America settentrionale precoloniale e coloniale/Centri abitati/02_Boston_Coloniale_Rivoluzionaria","True","True"
"presente_in_entrambi","06_P6 · 1500–1800 — Imperi oceanici, colonia…","10_America settentrionale precoloniale e coloniale","03_Philadelphia_Coloniale_Rivoluzionaria","06_P6 · 1500–1800 — Imperi oceanici, colonia…/10_America settentrionale precoloniale e coloniale/Centri abitati/03_Philadelphia_Coloniale_Rivoluzionaria","True","True"
"presente_in_entrambi","06_P6 · 1500–1800 — Imperi oceanici, colonia…","10_America settentrionale precoloniale e coloniale","04_New_York_Coloniale_Prima_Repubblica","06_P6 · 1500–1800 — Imperi oceanici, colonia…/10_America settentrionale precoloniale e coloniale/Centri abitati/04_New_York_Coloniale_Prima_Repubblica","True","True"
"presente_in_entrambi","06_P6 · 1500–1800 — Imperi oceanici, colonia…","10_America settentrionale precoloniale e coloniale","05_Williamsburg_Capitale_Coloniale","06_P6 · 1500–1800 — Imperi oceanici, colonia…/10_America settentrionale precoloniale e coloniale/Centri abitati/05_Williamsburg_Capitale_Coloniale","True","True"
"presente_in_entrambi","06_P6 · 1500–1800 — Imperi oceanici, colonia…","11_Oceania e Pacifico","01_Mua_Lapaha_Tonga","06_P6 · 1500–1800 — Imperi oceanici, colonia…/11_Oceania e Pacifico/Centri abitati/01_Mua_Lapaha_Tonga","True","True"
"presente_in_entrambi","06_P6 · 1500–1800 — Imperi oceanici, colonia…","11_Oceania e Pacifico","01_società insulari autonome","06_P6 · 1500–1800 — Imperi oceanici, colonia…/11_Oceania e Pacifico/Centri abitati/01_società insulari autonome","True","True"
"presente_in_entrambi","06_P6 · 1500–1800 — Imperi oceanici, colonia…","11_Oceania e Pacifico","02_Sydney fondata nel 1788 e primi centri co…","06_P6 · 1500–1800 — Imperi oceanici, colonia…/11_Oceania e Pacifico/Centri abitati/02_Sydney fondata nel 1788 e primi centri co…","True","True"
"presente_in_entrambi","06_P6 · 1500–1800 — Imperi oceanici, colonia…","11_Oceania e Pacifico","02_Taputapuatea_Opoa_Raiatea","06_P6 · 1500–1800 — Imperi oceanici, colonia…/11_Oceania e Pacifico/Centri abitati/02_Taputapuatea_Opoa_Raiatea","True","True"
"presente_in_entrambi","06_P6 · 1500–1800 — Imperi oceanici, colonia…","11_Oceania e Pacifico","03_Kealakekua_Kona_Hawaii","06_P6 · 1500–1800 — Imperi oceanici, colonia…/11_Oceania e Pacifico/Centri abitati/03_Kealakekua_Kona_Hawaii","True","True"
"presente_in_entrambi","06_P6 · 1500–1800 — Imperi oceanici, colonia…","11_Oceania e Pacifico","04_Maungakiekie_Pa_Tamaki","06_P6 · 1500–1800 — Imperi oceanici, colonia…/11_Oceania e Pacifico/Centri abitati/04_Maungakiekie_Pa_Tamaki","True","True"
"presente_in_entrambi","06_P6 · 1500–1800 — Imperi oceanici, colonia…","11_Oceania e Pacifico","05_Warrane_Sydney_Cove","06_P6 · 1500–1800 — Imperi oceanici, colonia…/11_Oceania e Pacifico/Centri abitati/05_Warrane_Sydney_Cove","True","True"
"presente_in_entrambi","07_P7 · 1800–1900 — Industrializzazione iniz…","01_Asia sud-occidentale e altopiano iranico","01_Istanbul_Ottomana_Tanzimat","07_P7 · 1800–1900 — Industrializzazione iniz…/01_Asia sud-occidentale e altopiano iranico/Centri abitati/01_Istanbul_Ottomana_Tanzimat","True","True"
"presente_in_entrambi","07_P7 · 1800–1900 — Industrializzazione iniz…","01_Asia sud-occidentale e altopiano iranico","02_Teheran_Qajar","07_P7 · 1800–1900 — Industrializzazione iniz…/01_Asia sud-occidentale e altopiano iranico/Centri abitati/02_Teheran_Qajar","True","True"
"presente_in_entrambi","07_P7 · 1800–1900 — Industrializzazione iniz…","01_Asia sud-occidentale e altopiano iranico","03_Baghdad_Ottomana_Tanzimat","07_P7 · 1800–1900 — Industrializzazione iniz…/01_Asia sud-occidentale e altopiano iranico/Centri abitati/03_Baghdad_Ottomana_Tanzimat","True","True"
"presente_in_entrambi","07_P7 · 1800–1900 — Industrializzazione iniz…","01_Asia sud-occidentale e altopiano iranico","04_Beirut_Porto_Ottomano","07_P7 · 1800–1900 — Industrializzazione iniz…/01_Asia sud-occidentale e altopiano iranico/Centri abitati/04_Beirut_Porto_Ottomano","True","True"
"presente_in_entrambi","07_P7 · 1800–1900 — Industrializzazione iniz…","01_Asia sud-occidentale e altopiano iranico","05_Damasco_Ottomana_Tanzimat","07_P7 · 1800–1900 — Industrializzazione iniz…/01_Asia sud-occidentale e altopiano iranico/Centri abitati/05_Damasco_Ottomana_Tanzimat","True","True"
"presente_in_entrambi","07_P7 · 1800–1900 — Industrializzazione iniz…","02_Valle del Nilo e Africa nord-orientale","01_Cairo","07_P7 · 1800–1900 — Industrializzazione iniz…/02_Valle del Nilo e Africa nord-orientale/Centri abitati/01_Cairo","True","True"
"presente_in_entrambi","07_P7 · 1800–1900 — Industrializzazione iniz…","02_Valle del Nilo e Africa nord-orientale","01_Cairo_Khediviale","07_P7 · 1800–1900 — Industrializzazione iniz…/02_Valle del Nilo e Africa nord-orientale/Centri abitati/01_Cairo_Khediviale","True","True"
"presente_in_entrambi","07_P7 · 1800–1900 — Industrializzazione iniz…","02_Valle del Nilo e Africa nord-orientale","02_Alessandria","07_P7 · 1800–1900 — Industrializzazione iniz…/02_Valle del Nilo e Africa nord-orientale/Centri abitati/02_Alessandria","True","True"
"presente_in_entrambi","07_P7 · 1800–1900 — Industrializzazione iniz…","02_Valle del Nilo e Africa nord-orientale","02_Alessandria_Porto_Cotone","07_P7 · 1800–1900 — Industrializzazione iniz…/02_Valle del Nilo e Africa nord-orientale/Centri abitati/02_Alessandria_Porto_Cotone","True","True"
"presente_in_entrambi","07_P7 · 1800–1900 — Industrializzazione iniz…","02_Valle del Nilo e Africa nord-orientale","03_Khartoum","07_P7 · 1800–1900 — Industrializzazione iniz…/02_Valle del Nilo e Africa nord-orientale/Centri abitati/03_Khartoum","True","True"
"presente_in_entrambi","07_P7 · 1800–1900 — Industrializzazione iniz…","02_Valle del Nilo e Africa nord-orientale","03_Khartoum_Turco_Egiziana_Mahdista","07_P7 · 1800–1900 — Industrializzazione iniz…/02_Valle del Nilo e Africa nord-orientale/Centri abitati/03_Khartoum_Turco_Egiziana_Mahdista","True","True"
"presente_in_entrambi","07_P7 · 1800–1900 — Industrializzazione iniz…","02_Valle del Nilo e Africa nord-orientale","04_Addis Abeba","07_P7 · 1800–1900 — Industrializzazione iniz…/02_Valle del Nilo e Africa nord-orientale/Centri abitati/04_Addis Abeba","True","True"
"presente_in_entrambi","07_P7 · 1800–1900 — Industrializzazione iniz…","02_Valle del Nilo e Africa nord-orientale","04_Addis_Abeba_Menelikiana","07_P7 · 1800–1900 — Industrializzazione iniz…/02_Valle del Nilo e Africa nord-orientale/Centri abitati/04_Addis_Abeba_Menelikiana","True","True"
"presente_in_entrambi","07_P7 · 1800–1900 — Industrializzazione iniz…","02_Valle del Nilo e Africa nord-orientale","05_Port_Said_Canale_Suez","07_P7 · 1800–1900 — Industrializzazione iniz…/02_Valle del Nilo e Africa nord-orientale/Centri abitati/05_Port_Said_Canale_Suez","True","True"
"presente_in_entrambi","07_P7 · 1800–1900 — Industrializzazione iniz…","03_Asia meridionale","01_Calcutta","07_P7 · 1800–1900 — Industrializzazione iniz…/03_Asia meridionale/Centri abitati/01_Calcutta","True","True"
"presente_in_entrambi","07_P7 · 1800–1900 — Industrializzazione iniz…","03_Asia meridionale","01_Calcutta_Coloniale_Imperiale","07_P7 · 1800–1900 — Industrializzazione iniz…/03_Asia meridionale/Centri abitati/01_Calcutta_Coloniale_Imperiale","True","True"
"presente_in_entrambi","07_P7 · 1800–1900 — Industrializzazione iniz…","03_Asia meridionale","02_Bombay","07_P7 · 1800–1900 — Industrializzazione iniz…/03_Asia meridionale/Centri abitati/02_Bombay","True","True"
"presente_in_entrambi","07_P7 · 1800–1900 — Industrializzazione iniz…","03_Asia meridionale","02_Bombay_Porto_Industriale","07_P7 · 1800–1900 — Industrializzazione iniz…/03_Asia meridionale/Centri abitati/02_Bombay_Porto_Industriale","True","True"
"presente_in_entrambi","07_P7 · 1800–1900 — Industrializzazione iniz…","03_Asia meridionale","03_Madras","07_P7 · 1800–1900 — Industrializzazione iniz…/03_Asia meridionale/Centri abitati/03_Madras","True","True"
"presente_in_entrambi","07_P7 · 1800–1900 — Industrializzazione iniz…","03_Asia meridionale","03_Madras_Presidenza_Porto","07_P7 · 1800–1900 — Industrializzazione iniz…/03_Asia meridionale/Centri abitati/03_Madras_Presidenza_Porto","True","True"
"presente_in_entrambi","07_P7 · 1800–1900 — Industrializzazione iniz…","03_Asia meridionale","04_Delhi","07_P7 · 1800–1900 — Industrializzazione iniz…/03_Asia meridionale/Centri abitati/04_Delhi","True","True"
"presente_in_entrambi","07_P7 · 1800–1900 — Industrializzazione iniz…","03_Asia meridionale","04_Delhi_Mughal_Coloniale","07_P7 · 1800–1900 — Industrializzazione iniz…/03_Asia meridionale/Centri abitati/04_Delhi_Mughal_Coloniale","True","True"
"presente_in_entrambi","07_P7 · 1800–1900 — Industrializzazione iniz…","03_Asia meridionale","05_Lahore","07_P7 · 1800–1900 — Industrializzazione iniz…/03_Asia meridionale/Centri abitati/05_Lahore","True","True"
"presente_in_entrambi","07_P7 · 1800–1900 — Industrializzazione iniz…","03_Asia meridionale","05_Lahore_Sikh_Coloniale","07_P7 · 1800–1900 — Industrializzazione iniz…/03_Asia meridionale/Centri abitati/05_Lahore_Sikh_Coloniale","True","True"
"presente_in_entrambi","07_P7 · 1800–1900 — Industrializzazione iniz…","03_Asia meridionale","06_Dhaka","07_P7 · 1800–1900 — Industrializzazione iniz…/03_Asia meridionale/Centri abitati/06_Dhaka","True","True"
"presente_in_entrambi","07_P7 · 1800–1900 — Industrializzazione iniz…","04_Asia orientale","01_Tokyo_Edo_Meiji","07_P7 · 1800–1900 — Industrializzazione iniz…/04_Asia orientale/Centri abitati/01_Tokyo_Edo_Meiji","True","True"
"presente_in_entrambi","07_P7 · 1800–1900 — Industrializzazione iniz…","04_Asia orientale","02_Osaka_Mercantile_Industriale","07_P7 · 1800–1900 — Industrializzazione iniz…/04_Asia orientale/Centri abitati/02_Osaka_Mercantile_Industriale","True","True"
"presente_in_entrambi","07_P7 · 1800–1900 — Industrializzazione iniz…","04_Asia orientale","03_Shanghai_Porto_Trattati","07_P7 · 1800–1900 — Industrializzazione iniz…/04_Asia orientale/Centri abitati/03_Shanghai_Porto_Trattati","True","True"
"presente_in_entrambi","07_P7 · 1800–1900 — Industrializzazione iniz…","04_Asia orientale","04_Pechino_Qing_Tardo","07_P7 · 1800–1900 — Industrializzazione iniz…/04_Asia orientale/Centri abitati/04_Pechino_Qing_Tardo","True","True"
"presente_in_entrambi","07_P7 · 1800–1900 — Industrializzazione iniz…","04_Asia orientale","05_Yokohama_Porto_Aperto","07_P7 · 1800–1900 — Industrializzazione iniz…/04_Asia orientale/Centri abitati/05_Yokohama_Porto_Aperto","True","True"
"presente_in_entrambi","07_P7 · 1800–1900 — Industrializzazione iniz…","05_Asia sud-orientale continentale e marittima","01_Singapore_Porto_Coloniale","07_P7 · 1800–1900 — Industrializzazione iniz…/05_Asia sud-orientale continentale e marittima/Centri abitati/01_Singapore_Porto_Coloniale","True","True"
"presente_in_entrambi","07_P7 · 1800–1900 — Industrializzazione iniz…","05_Asia sud-orientale continentale e marittima","02_Batavia_Giacarta_Coloniale","07_P7 · 1800–1900 — Industrializzazione iniz…/05_Asia sud-orientale continentale e marittima/Centri abitati/02_Batavia_Giacarta_Coloniale","True","True"
"presente_in_entrambi","07_P7 · 1800–1900 — Industrializzazione iniz…","05_Asia sud-orientale continentale e marittima","03_Manila_Spagnola_Rivoluzionaria","07_P7 · 1800–1900 — Industrializzazione iniz…/05_Asia sud-orientale continentale e marittima/Centri abitati/03_Manila_Spagnola_Rivoluzionaria","True","True"
"presente_in_entrambi","07_P7 · 1800–1900 — Industrializzazione iniz…","05_Asia sud-orientale continentale e marittima","04_Bangkok_Chakri_Riformatrice","07_P7 · 1800–1900 — Industrializzazione iniz…/05_Asia sud-orientale continentale e marittima/Centri abitati/04_Bangkok_Chakri_Riformatrice","True","True"
"presente_in_entrambi","07_P7 · 1800–1900 — Industrializzazione iniz…","05_Asia sud-orientale continentale e marittima","05_Saigon_Gia_Dinh_Coloniale","07_P7 · 1800–1900 — Industrializzazione iniz…/05_Asia sud-orientale continentale e marittima/Centri abitati/05_Saigon_Gia_Dinh_Coloniale","True","True"
"presente_in_entrambi","07_P7 · 1800–1900 — Industrializzazione iniz…","06_Mediterraneo europeo ed Europa centro-occidentale","01_Londra_Industriale_Vittoriana","07_P7 · 1800–1900 — Industrializzazione iniz…/06_Mediterraneo europeo ed Europa centro-occidentale/Centri abitati/01_Londra_Industriale_Vittoriana","True","True"
"presente_in_entrambi","07_P7 · 1800–1900 — Industrializzazione iniz…","06_Mediterraneo europeo ed Europa centro-occidentale","02_Parigi_Industriale_Haussmanniana","07_P7 · 1800–1900 — Industrializzazione iniz…/06_Mediterraneo europeo ed Europa centro-occidentale/Centri abitati/02_Parigi_Industriale_Haussmanniana","True","True"
"presente_in_entrambi","07_P7 · 1800–1900 — Industrializzazione iniz…","06_Mediterraneo europeo ed Europa centro-occidentale","03_Berlino_Prussiana_Imperiale","07_P7 · 1800–1900 — Industrializzazione iniz…/06_Mediterraneo europeo ed Europa centro-occidentale/Centri abitati/03_Berlino_Prussiana_Imperiale","True","True"
"presente_in_entrambi","07_P7 · 1800–1900 — Industrializzazione iniz…","06_Mediterraneo europeo ed Europa centro-occidentale","04_Manchester_Industriale_Cottonopolis","07_P7 · 1800–1900 — Industrializzazione iniz…/06_Mediterraneo europeo ed Europa centro-occidentale/Centri abitati/04_Manchester_Industriale_Cottonopolis","True","True"
"presente_in_entrambi","07_P7 · 1800–1900 — Industrializzazione iniz…","06_Mediterraneo europeo ed Europa centro-occidentale","05_Vienna_Imperiale_Ringstrasse","07_P7 · 1800–1900 — Industrializzazione iniz…/06_Mediterraneo europeo ed Europa centro-occidentale/Centri abitati/05_Vienna_Imperiale_Ringstrasse","True","True"
"presente_in_entrambi","07_P7 · 1800–1900 — Industrializzazione iniz…","07_Africa subsahariana","01_Lagos_Lagunare_Coloniale","07_P7 · 1800–1900 — Industrializzazione iniz…/07_Africa subsahariana/Centri abitati/01_Lagos_Lagunare_Coloniale","True","True"
"presente_in_entrambi","07_P7 · 1800–1900 — Industrializzazione iniz…","07_Africa subsahariana","02_Freetown_Krio_Coloniale","07_P7 · 1800–1900 — Industrializzazione iniz…/07_Africa subsahariana/Centri abitati/02_Freetown_Krio_Coloniale","True","True"
"presente_in_entrambi","07_P7 · 1800–1900 — Industrializzazione iniz…","07_Africa subsahariana","03_Zanzibar_Stone_Town_Omanita_Coloniale","07_P7 · 1800–1900 — Industrializzazione iniz…/07_Africa subsahariana/Centri abitati/03_Zanzibar_Stone_Town_Omanita_Coloniale","True","True"
"presente_in_entrambi","07_P7 · 1800–1900 — Industrializzazione iniz…","07_Africa subsahariana","04_Johannesburg_Citta_dell_Oro","07_P7 · 1800–1900 — Industrializzazione iniz…/07_Africa subsahariana/Centri abitati/04_Johannesburg_Citta_dell_Oro","True","True"
"presente_in_entrambi","07_P7 · 1800–1900 — Industrializzazione iniz…","07_Africa subsahariana","05_Pretoria_Repubblicana_Amministrativa","07_P7 · 1800–1900 — Industrializzazione iniz…/07_Africa subsahariana/Centri abitati/05_Pretoria_Repubblicana_Amministrativa","True","True"
"presente_in_entrambi","07_P7 · 1800–1900 — Industrializzazione iniz…","08_Mesoamerica","01_Citta_del_Messico_Repubblicana_Porfiriana","07_P7 · 1800–1900 — Industrializzazione iniz…/08_Mesoamerica/Centri abitati/01_Citta_del_Messico_Repubblicana_Porfiriana","True","True"
"presente_in_entrambi","07_P7 · 1800–1900 — Industrializzazione iniz…","08_Mesoamerica","02_Guadalajara_Repubblicana_Ferroviaria","07_P7 · 1800–1900 — Industrializzazione iniz…/08_Mesoamerica/Centri abitati/02_Guadalajara_Repubblicana_Ferroviaria","True","True"
"presente_in_entrambi","07_P7 · 1800–1900 — Industrializzazione iniz…","08_Mesoamerica","03_Puebla_Industriale_Liberale","07_P7 · 1800–1900 — Industrializzazione iniz…/08_Mesoamerica/Centri abitati/03_Puebla_Industriale_Liberale","True","True"
"presente_in_entrambi","07_P7 · 1800–1900 — Industrializzazione iniz…","08_Mesoamerica","04_Veracruz_Porto_Ferroviario","07_P7 · 1800–1900 — Industrializzazione iniz…/08_Mesoamerica/Centri abitati/04_Veracruz_Porto_Ferroviario","True","True"
"presente_in_entrambi","07_P7 · 1800–1900 — Industrializzazione iniz…","08_Mesoamerica","05_Acapulco_Porto_Pacifico","07_P7 · 1800–1900 — Industrializzazione iniz…/08_Mesoamerica/Centri abitati/05_Acapulco_Porto_Pacifico","True","True"
"presente_in_entrambi","07_P7 · 1800–1900 — Industrializzazione iniz…","09_Ande centrali","01_Lima_Repubblicana_Guano_Ferrovie","07_P7 · 1800–1900 — Industrializzazione iniz…/09_Ande centrali/Centri abitati/01_Lima_Repubblicana_Guano_Ferrovie","True","True"
"presente_in_entrambi","07_P7 · 1800–1900 — Industrializzazione iniz…","09_Ande centrali","02_Quito_Repubblicana_Andina","07_P7 · 1800–1900 — Industrializzazione iniz…/09_Ande centrali/Centri abitati/02_Quito_Repubblicana_Andina","True","True"
"presente_in_entrambi","07_P7 · 1800–1900 — Industrializzazione iniz…","09_Ande centrali","03_La_Paz_Repubblicana_Commerciale","07_P7 · 1800–1900 — Industrializzazione iniz…/09_Ande centrali/Centri abitati/03_La_Paz_Repubblicana_Commerciale","True","True"
"presente_in_entrambi","07_P7 · 1800–1900 — Industrializzazione iniz…","09_Ande centrali","04_Santiago_Repubblicana_Industriale","07_P7 · 1800–1900 — Industrializzazione iniz…/09_Ande centrali/Centri abitati/04_Santiago_Repubblicana_Industriale","True","True"
"presente_in_entrambi","07_P7 · 1800–1900 — Industrializzazione iniz…","09_Ande centrali","05_Valparaiso_Porto_Pacifico","07_P7 · 1800–1900 — Industrializzazione iniz…/09_Ande centrali/Centri abitati/05_Valparaiso_Porto_Pacifico","True","True"
"presente_in_entrambi","07_P7 · 1800–1900 — Industrializzazione iniz…","10_America settentrionale precoloniale e coloniale","01_New_York_Portuale_Industriale_Immigrata","07_P7 · 1800–1900 — Industrializzazione iniz…/10_America settentrionale precoloniale e coloniale/Centri abitati/01_New_York_Portuale_Industriale_Immigrata","True","True"
"presente_in_entrambi","07_P7 · 1800–1900 — Industrializzazione iniz…","10_America settentrionale precoloniale e coloniale","02_Chicago_Ferroviaria_Industriale_Ricostruita","07_P7 · 1800–1900 — Industrializzazione iniz…/10_America settentrionale precoloniale e coloniale/Centri abitati/02_Chicago_Ferroviaria_Industriale_Ricostruita","True","True"
"presente_in_entrambi","07_P7 · 1800–1900 — Industrializzazione iniz…","10_America settentrionale precoloniale e coloniale","03_Philadelphia_Industriale_Metropolitana","07_P7 · 1800–1900 — Industrializzazione iniz…/10_America settentrionale precoloniale e coloniale/Centri abitati/03_Philadelphia_Industriale_Metropolitana","True","True"
"presente_in_entrambi","07_P7 · 1800–1900 — Industrializzazione iniz…","10_America settentrionale precoloniale e coloniale","04_Boston_Industriale_Immigrata_Riformatrice","07_P7 · 1800–1900 — Industrializzazione iniz…/10_America settentrionale precoloniale e coloniale/Centri abitati/04_Boston_Industriale_Immigrata_Riformatrice","True","True"
"presente_in_entrambi","07_P7 · 1800–1900 — Industrializzazione iniz…","10_America settentrionale precoloniale e coloniale","05_Montreal_Portuale_Industriale","07_P7 · 1800–1900 — Industrializzazione iniz…/10_America settentrionale precoloniale e coloniale/Centri abitati/05_Montreal_Portuale_Industriale","True","True"
"presente_in_entrambi","07_P7 · 1800–1900 — Industrializzazione iniz…","11_Oceania e Pacifico","01_Sydney_Coloniale_Portuale","07_P7 · 1800–1900 — Industrializzazione iniz…/11_Oceania e Pacifico/Centri abitati/01_Sydney_Coloniale_Portuale","True","True"
"presente_in_entrambi","07_P7 · 1800–1900 — Industrializzazione iniz…","11_Oceania e Pacifico","02_Melbourne_Oro_Esposizioni","07_P7 · 1800–1900 — Industrializzazione iniz…/11_Oceania e Pacifico/Centri abitati/02_Melbourne_Oro_Esposizioni","True","True"
"presente_in_entrambi","07_P7 · 1800–1900 — Industrializzazione iniz…","11_Oceania e Pacifico","03_Auckland_Coloniale_Portuale","07_P7 · 1800–1900 — Industrializzazione iniz…/11_Oceania e Pacifico/Centri abitati/03_Auckland_Coloniale_Portuale","True","True"
"presente_in_entrambi","07_P7 · 1800–1900 — Industrializzazione iniz…","11_Oceania e Pacifico","04_Wellington_Capitale_Portuale","07_P7 · 1800–1900 — Industrializzazione iniz…/11_Oceania e Pacifico/Centri abitati/04_Wellington_Capitale_Portuale","True","True"
"presente_in_entrambi","07_P7 · 1800–1900 — Industrializzazione iniz…","11_Oceania e Pacifico","05_Honolulu_Regno_Porto_Pacifico","07_P7 · 1800–1900 — Industrializzazione iniz…/11_Oceania e Pacifico/Centri abitati/05_Honolulu_Regno_Porto_Pacifico","True","True"
"presente_in_entrambi","08_P8 · 1900–1945 — Agricoltura industriale,…","01_Asia sud-occidentale e altopiano iranico","01_Istanbul_Tardo_Ottomana_Repubblicana","08_P8 · 1900–1945 — Agricoltura industriale,…/01_Asia sud-occidentale e altopiano iranico/Centri abitati/01_Istanbul_Tardo_Ottomana_Repubblicana","True","True"
"presente_in_entrambi","08_P8 · 1900–1945 — Agricoltura industriale,…","01_Asia sud-occidentale e altopiano iranico","02_Teheran_Costituzionale_Pahlavi","08_P8 · 1900–1945 — Agricoltura industriale,…/01_Asia sud-occidentale e altopiano iranico/Centri abitati/02_Teheran_Costituzionale_Pahlavi","True","True"
"presente_in_entrambi","08_P8 · 1900–1945 — Agricoltura industriale,…","01_Asia sud-occidentale e altopiano iranico","03_Baghdad_Ottomana_Mandato_Monarchia","08_P8 · 1900–1945 — Agricoltura industriale,…/01_Asia sud-occidentale e altopiano iranico/Centri abitati/03_Baghdad_Ottomana_Mandato_Monarchia","True","True"
"presente_in_entrambi","08_P8 · 1900–1945 — Agricoltura industriale,…","01_Asia sud-occidentale e altopiano iranico","04_Tel_Aviv_Jaffa_Mandataria","08_P8 · 1900–1945 — Agricoltura industriale,…/01_Asia sud-occidentale e altopiano iranico/Centri abitati/04_Tel_Aviv_Jaffa_Mandataria","True","True"
"presente_in_entrambi","08_P8 · 1900–1945 — Agricoltura industriale,…","01_Asia sud-occidentale e altopiano iranico","05_Beirut_Ottomana_Mandataria","08_P8 · 1900–1945 — Agricoltura industriale,…/01_Asia sud-occidentale e altopiano iranico/Centri abitati/05_Beirut_Ottomana_Mandataria","True","True"
"presente_in_entrambi","08_P8 · 1900–1945 — Agricoltura industriale,…","02_Valle del Nilo e Africa nord-orientale","01_Cairo_Coloniale_Monarchico","08_P8 · 1900–1945 — Agricoltura industriale,…/02_Valle del Nilo e Africa nord-orientale/Centri abitati/01_Cairo_Coloniale_Monarchico","True","True"
"presente_in_entrambi","08_P8 · 1900–1945 — Agricoltura industriale,…","02_Valle del Nilo e Africa nord-orientale","02_Alessandria_Portuale_Cosmopolita","08_P8 · 1900–1945 — Agricoltura industriale,…/02_Valle del Nilo e Africa nord-orientale/Centri abitati/02_Alessandria_Portuale_Cosmopolita","True","True"
"presente_in_entrambi","08_P8 · 1900–1945 — Agricoltura industriale,…","02_Valle del Nilo e Africa nord-orientale","03_Khartoum_Anglo_Egiziana","08_P8 · 1900–1945 — Agricoltura industriale,…/02_Valle del Nilo e Africa nord-orientale/Centri abitati/03_Khartoum_Anglo_Egiziana","True","True"
"presente_in_entrambi","08_P8 · 1900–1945 — Agricoltura industriale,…","02_Valle del Nilo e Africa nord-orientale","04_Addis_Abeba_Imperiale_Occupata","08_P8 · 1900–1945 — Agricoltura industriale,…/02_Valle del Nilo e Africa nord-orientale/Centri abitati/04_Addis_Abeba_Imperiale_Occupata","True","True"
"presente_in_entrambi","08_P8 · 1900–1945 — Agricoltura industriale,…","02_Valle del Nilo e Africa nord-orientale","05_Aswan_Diga_Irrigazione","08_P8 · 1900–1945 — Agricoltura industriale,…/02_Valle del Nilo e Africa nord-orientale/Centri abitati/05_Aswan_Diga_Irrigazione","True","True"
"presente_in_entrambi","08_P8 · 1900–1945 — Agricoltura industriale,…","03_Asia meridionale","01_Bombay_Mumbai_Industriale_Portuale","08_P8 · 1900–1945 — Agricoltura industriale,…/03_Asia meridionale/Centri abitati/01_Bombay_Mumbai_Industriale_Portuale","True","True"
"presente_in_entrambi","08_P8 · 1900–1945 — Agricoltura industriale,…","03_Asia meridionale","02_Calcutta_Kolkata_Capitale_Industriale","08_P8 · 1900–1945 — Agricoltura industriale,…/03_Asia meridionale/Centri abitati/02_Calcutta_Kolkata_Capitale_Industriale","True","True"
"presente_in_entrambi","08_P8 · 1900–1945 — Agricoltura industriale,…","03_Asia meridionale","03_Delhi_Imperiale_Nazionalista","08_P8 · 1900–1945 — Agricoltura industriale,…/03_Asia meridionale/Centri abitati/03_Delhi_Imperiale_Nazionalista","True","True"
"presente_in_entrambi","08_P8 · 1900–1945 — Agricoltura industriale,…","03_Asia meridionale","04_Karachi_Portuale_Aeronautica","08_P8 · 1900–1945 — Agricoltura industriale,…/03_Asia meridionale/Centri abitati/04_Karachi_Portuale_Aeronautica","True","True"
"presente_in_entrambi","08_P8 · 1900–1945 — Agricoltura industriale,…","03_Asia meridionale","05_Lahore_Coloniale_Nazionalista","08_P8 · 1900–1945 — Agricoltura industriale,…/03_Asia meridionale/Centri abitati/05_Lahore_Coloniale_Nazionalista","True","True"
"presente_in_entrambi","08_P8 · 1900–1945 — Agricoltura industriale,…","04_Asia orientale","01_Tokyo_Imperiale_Ricostruita","08_P8 · 1900–1945 — Agricoltura industriale,…/04_Asia orientale/Centri abitati/01_Tokyo_Imperiale_Ricostruita","True","True"
"presente_in_entrambi","08_P8 · 1900–1945 — Agricoltura industriale,…","04_Asia orientale","02_Osaka_Industriale_Portuale","08_P8 · 1900–1945 — Agricoltura industriale,…/04_Asia orientale/Centri abitati/02_Osaka_Industriale_Portuale","True","True"
"presente_in_entrambi","08_P8 · 1900–1945 — Agricoltura industriale,…","04_Asia orientale","03_Shanghai_Industriale_Concessioni","08_P8 · 1900–1945 — Agricoltura industriale,…/04_Asia orientale/Centri abitati/03_Shanghai_Industriale_Concessioni","True","True"
"presente_in_entrambi","08_P8 · 1900–1945 — Agricoltura industriale,…","04_Asia orientale","04_Pechino_Repubblicana_Occupata","08_P8 · 1900–1945 — Agricoltura industriale,…/04_Asia orientale/Centri abitati/04_Pechino_Repubblicana_Occupata","True","True"
"presente_in_entrambi","08_P8 · 1900–1945 — Agricoltura industriale,…","04_Asia orientale","05_Seoul_Gyeongseong_Coloniale","08_P8 · 1900–1945 — Agricoltura industriale,…/04_Asia orientale/Centri abitati/05_Seoul_Gyeongseong_Coloniale","True","True"
"presente_in_entrambi","08_P8 · 1900–1945 — Agricoltura industriale,…","05_Asia sud-orientale continentale e marittima","01_Singapore_Portuale_Coloniale","08_P8 · 1900–1945 — Agricoltura industriale,…/05_Asia sud-orientale continentale e marittima/Centri abitati/01_Singapore_Portuale_Coloniale","True","True"
"presente_in_entrambi","08_P8 · 1900–1945 — Agricoltura industriale,…","05_Asia sud-orientale continentale e marittima","02_Batavia_Jakarta_Coloniale_Occupata","08_P8 · 1900–1945 — Agricoltura industriale,…/05_Asia sud-orientale continentale e marittima/Centri abitati/02_Batavia_Jakarta_Coloniale_Occupata","True","True"
"presente_in_entrambi","08_P8 · 1900–1945 — Agricoltura industriale,…","05_Asia sud-orientale continentale e marittima","03_Manila_Americana_Guerra","08_P8 · 1900–1945 — Agricoltura industriale,…/05_Asia sud-orientale continentale e marittima/Centri abitati/03_Manila_Americana_Guerra","True","True"
"presente_in_entrambi","08_P8 · 1900–1945 — Agricoltura industriale,…","05_Asia sud-orientale continentale e marittima","04_Bangkok_Modernizzazione_Costituzionale","08_P8 · 1900–1945 — Agricoltura industriale,…/05_Asia sud-orientale continentale e marittima/Centri abitati/04_Bangkok_Modernizzazione_Costituzionale","True","True"
"presente_in_entrambi","08_P8 · 1900–1945 — Agricoltura industriale,…","05_Asia sud-orientale continentale e marittima","05_Saigon_Coloniale_Occupata","08_P8 · 1900–1945 — Agricoltura industriale,…/05_Asia sud-orientale continentale e marittima/Centri abitati/05_Saigon_Coloniale_Occupata","True","True"
"presente_in_entrambi","08_P8 · 1900–1945 — Agricoltura industriale,…","06_Mediterraneo europeo ed Europa centro-occidentale","01_Londra_Guerre_Mondiali","08_P8 · 1900–1945 — Agricoltura industriale,…/06_Mediterraneo europeo ed Europa centro-occidentale/Centri abitati/01_Londra_Guerre_Mondiali","True","True"
"presente_in_entrambi","08_P8 · 1900–1945 — Agricoltura industriale,…","06_Mediterraneo europeo ed Europa centro-occidentale","02_Parigi_Guerre_Mondiali","08_P8 · 1900–1945 — Agricoltura industriale,…/06_Mediterraneo europeo ed Europa centro-occidentale/Centri abitati/02_Parigi_Guerre_Mondiali","True","True"
"presente_in_entrambi","08_P8 · 1900–1945 — Agricoltura industriale,…","06_Mediterraneo europeo ed Europa centro-occidentale","03_Berlino_Weimar_Nazista","08_P8 · 1900–1945 — Agricoltura industriale,…/06_Mediterraneo europeo ed Europa centro-occidentale/Centri abitati/03_Berlino_Weimar_Nazista","True","True"
"presente_in_entrambi","08_P8 · 1900–1945 — Agricoltura industriale,…","06_Mediterraneo europeo ed Europa centro-occidentale","04_Milano_Industriale_Fascista","08_P8 · 1900–1945 — Agricoltura industriale,…/06_Mediterraneo europeo ed Europa centro-occidentale/Centri abitati/04_Milano_Industriale_Fascista","True","True"
"presente_in_entrambi","08_P8 · 1900–1945 — Agricoltura industriale,…","06_Mediterraneo europeo ed Europa centro-occidentale","05_Leningrado_Assedio","08_P8 · 1900–1945 — Agricoltura industriale,…/06_Mediterraneo europeo ed Europa centro-occidentale/Centri abitati/05_Leningrado_Assedio","True","True"
"presente_in_entrambi","08_P8 · 1900–1945 — Agricoltura industriale,…","07_Africa subsahariana","01_Johannesburg_Miniere_Segregazione","08_P8 · 1900–1945 — Agricoltura industriale,…/07_Africa subsahariana/Centri abitati/01_Johannesburg_Miniere_Segregazione","True","True"
"presente_in_entrambi","08_P8 · 1900–1945 — Agricoltura industriale,…","07_Africa subsahariana","02_Lagos_Portuale_Coloniale","08_P8 · 1900–1945 — Agricoltura industriale,…/07_Africa subsahariana/Centri abitati/02_Lagos_Portuale_Coloniale","True","True"
"presente_in_entrambi","08_P8 · 1900–1945 — Agricoltura industriale,…","07_Africa subsahariana","03_Nairobi_Ferroviaria_Coloniale","08_P8 · 1900–1945 — Agricoltura industriale,…/07_Africa subsahariana/Centri abitati/03_Nairobi_Ferroviaria_Coloniale","True","True"
"presente_in_entrambi","08_P8 · 1900–1945 — Agricoltura industriale,…","07_Africa subsahariana","04_Dakar_Portuale_AOF","08_P8 · 1900–1945 — Agricoltura industriale,…/07_Africa subsahariana/Centri abitati/04_Dakar_Portuale_AOF","True","True"
"presente_in_entrambi","08_P8 · 1900–1945 — Agricoltura industriale,…","07_Africa subsahariana","05_Accra_Capitale_Coloniale","08_P8 · 1900–1945 — Agricoltura industriale,…/07_Africa subsahariana/Centri abitati/05_Accra_Capitale_Coloniale","True","True"
"presente_in_entrambi","08_P8 · 1900–1945 — Agricoltura industriale,…","08_Mesoamerica","01_Citta_del_Messico_Rivoluzionaria","08_P8 · 1900–1945 — Agricoltura industriale,…/08_Mesoamerica/Centri abitati/01_Citta_del_Messico_Rivoluzionaria","True","True"
"presente_in_entrambi","08_P8 · 1900–1945 — Agricoltura industriale,…","08_Mesoamerica","02_Monterrey_Industriale_Operaia","08_P8 · 1900–1945 — Agricoltura industriale,…/08_Mesoamerica/Centri abitati/02_Monterrey_Industriale_Operaia","True","True"
"presente_in_entrambi","08_P8 · 1900–1945 — Agricoltura industriale,…","08_Mesoamerica","03_Guadalajara_Rivoluzionaria_Moderna","08_P8 · 1900–1945 — Agricoltura industriale,…/08_Mesoamerica/Centri abitati/03_Guadalajara_Rivoluzionaria_Moderna","True","True"
"presente_in_entrambi","08_P8 · 1900–1945 — Agricoltura industriale,…","08_Mesoamerica","04_Citta_del_Guatemala_Terremoti_Autoritarismi","08_P8 · 1900–1945 — Agricoltura industriale,…/08_Mesoamerica/Centri abitati/04_Citta_del_Guatemala_Terremoti_Autoritarismi","True","True"
"presente_in_entrambi","08_P8 · 1900–1945 — Agricoltura industriale,…","08_Mesoamerica","05_San_Salvador_Caffe_Dittatura","08_P8 · 1900–1945 — Agricoltura industriale,…/08_Mesoamerica/Centri abitati/05_San_Salvador_Caffe_Dittatura","True","True"
"presente_in_entrambi","08_P8 · 1900–1945 — Agricoltura industriale,…","09_Ande centrali","01_Lima","08_P8 · 1900–1945 — Agricoltura industriale,…/09_Ande centrali/Centri abitati/01_Lima","True","True"
"presente_in_entrambi","08_P8 · 1900–1945 — Agricoltura industriale,…","09_Ande centrali","01_Lima_Modernizzazione_Terremoto","08_P8 · 1900–1945 — Agricoltura industriale,…/09_Ande centrali/Centri abitati/01_Lima_Modernizzazione_Terremoto","True","True"
"presente_in_entrambi","08_P8 · 1900–1945 — Agricoltura industriale,…","09_Ande centrali","02_Santiago","08_P8 · 1900–1945 — Agricoltura industriale,…/09_Ande centrali/Centri abitati/02_Santiago","True","True"
"presente_in_entrambi","08_P8 · 1900–1945 — Agricoltura industriale,…","09_Ande centrali","02_Santiago_Industriale_Popolare","08_P8 · 1900–1945 — Agricoltura industriale,…/09_Ande centrali/Centri abitati/02_Santiago_Industriale_Popolare","True","True"
"presente_in_entrambi","08_P8 · 1900–1945 — Agricoltura industriale,…","09_Ande centrali","03_La Paz","08_P8 · 1900–1945 — Agricoltura industriale,…/09_Ande centrali/Centri abitati/03_La Paz","True","True"
"presente_in_entrambi","08_P8 · 1900–1945 — Agricoltura industriale,…","09_Ande centrali","03_La_Paz_Stagno_Chaco","08_P8 · 1900–1945 — Agricoltura industriale,…/09_Ande centrali/Centri abitati/03_La_Paz_Stagno_Chaco","True","True"
"presente_in_entrambi","08_P8 · 1900–1945 — Agricoltura industriale,…","09_Ande centrali","04_Quito e porti minerari","08_P8 · 1900–1945 — Agricoltura industriale,…/09_Ande centrali/Centri abitati/04_Quito e porti minerari","True","True"
"presente_in_entrambi","08_P8 · 1900–1945 — Agricoltura industriale,…","09_Ande centrali","04_Quito_Ferrovia_Rivoluzioni","08_P8 · 1900–1945 — Agricoltura industriale,…/09_Ande centrali/Centri abitati/04_Quito_Ferrovia_Rivoluzioni","True","True"
"presente_in_entrambi","08_P8 · 1900–1945 — Agricoltura industriale,…","09_Ande centrali","05_Valparaiso_Porto_Terremoto_Crisi","08_P8 · 1900–1945 — Agricoltura industriale,…/09_Ande centrali/Centri abitati/05_Valparaiso_Porto_Terremoto_Crisi","True","True"
"presente_in_entrambi","08_P8 · 1900–1945 — Agricoltura industriale,…","10_America settentrionale precoloniale e coloniale","01_New_York_Metropolitana_Immigrazione_Depressione","08_P8 · 1900–1945 — Agricoltura industriale,…/10_America settentrionale precoloniale e coloniale/Centri abitati/01_New_York_Metropolitana_Immigrazione_Depressione","True","True"
"presente_in_entrambi","08_P8 · 1900–1945 — Agricoltura industriale,…","10_America settentrionale precoloniale e coloniale","02_Chicago_Ferrovie_Industria_Segregazione","08_P8 · 1900–1945 — Agricoltura industriale,…/10_America settentrionale precoloniale e coloniale/Centri abitati/02_Chicago_Ferrovie_Industria_Segregazione","True","True"
"presente_in_entrambi","08_P8 · 1900–1945 — Agricoltura industriale,…","10_America settentrionale precoloniale e coloniale","03_Los_Angeles_Acqua_Automobile_Cinema","08_P8 · 1900–1945 — Agricoltura industriale,…/10_America settentrionale precoloniale e coloniale/Centri abitati/03_Los_Angeles_Acqua_Automobile_Cinema","True","True"
"presente_in_entrambi","08_P8 · 1900–1945 — Agricoltura industriale,…","10_America settentrionale precoloniale e coloniale","04_Detroit_Automobile_Produzione_Massa","08_P8 · 1900–1945 — Agricoltura industriale,…/10_America settentrionale precoloniale e coloniale/Centri abitati/04_Detroit_Automobile_Produzione_Massa","True","True"
"presente_in_entrambi","08_P8 · 1900–1945 — Agricoltura industriale,…","10_America settentrionale precoloniale e coloniale","05_Toronto_Industriale_Sanita_Guerra","08_P8 · 1900–1945 — Agricoltura industriale,…/10_America settentrionale precoloniale e coloniale/Centri abitati/05_Toronto_Industriale_Sanita_Guerra","True","True"
"presente_in_entrambi","08_P8 · 1900–1945 — Agricoltura industriale,…","11_Oceania e Pacifico","01_Sydney","08_P8 · 1900–1945 — Agricoltura industriale,…/11_Oceania e Pacifico/Centri abitati/01_Sydney","True","True"
"presente_in_entrambi","08_P8 · 1900–1945 — Agricoltura industriale,…","11_Oceania e Pacifico","01_Sydney_Metropolitana_Portuale_Bellica","08_P8 · 1900–1945 — Agricoltura industriale,…/11_Oceania e Pacifico/Centri abitati/01_Sydney_Metropolitana_Portuale_Bellica","True","True"
"presente_in_entrambi","08_P8 · 1900–1945 — Agricoltura industriale,…","11_Oceania e Pacifico","02_Melbourne","08_P8 · 1900–1945 — Agricoltura industriale,…/11_Oceania e Pacifico/Centri abitati/02_Melbourne","True","True"
"presente_in_entrambi","08_P8 · 1900–1945 — Agricoltura industriale,…","11_Oceania e Pacifico","02_Melbourne_Industriale_Welfare_Guerra","08_P8 · 1900–1945 — Agricoltura industriale,…/11_Oceania e Pacifico/Centri abitati/02_Melbourne_Industriale_Welfare_Guerra","True","True"
"presente_in_entrambi","08_P8 · 1900–1945 — Agricoltura industriale,…","11_Oceania e Pacifico","03_Auckland","08_P8 · 1900–1945 — Agricoltura industriale,…/11_Oceania e Pacifico/Centri abitati/03_Auckland","True","True"
"presente_in_entrambi","08_P8 · 1900–1945 — Agricoltura industriale,…","11_Oceania e Pacifico","03_Auckland_Portuale_Tranvie_Guerra","08_P8 · 1900–1945 — Agricoltura industriale,…/11_Oceania e Pacifico/Centri abitati/03_Auckland_Portuale_Tranvie_Guerra","True","True"
"presente_in_entrambi","08_P8 · 1900–1945 — Agricoltura industriale,…","11_Oceania e Pacifico","04_Wellington e città minerarie","08_P8 · 1900–1945 — Agricoltura industriale,…/11_Oceania e Pacifico/Centri abitati/04_Wellington e città minerarie","True","True"
"presente_in_entrambi","08_P8 · 1900–1945 — Agricoltura industriale,…","11_Oceania e Pacifico","04_Wellington_Capitale_Welfare_Guerra","08_P8 · 1900–1945 — Agricoltura industriale,…/11_Oceania e Pacifico/Centri abitati/04_Wellington_Capitale_Welfare_Guerra","True","True"
"presente_in_entrambi","08_P8 · 1900–1945 — Agricoltura industriale,…","11_Oceania e Pacifico","05_Broken_Hill_Mineraria_Sindacale","08_P8 · 1900–1945 — Agricoltura industriale,…/11_Oceania e Pacifico/Centri abitati/05_Broken_Hill_Mineraria_Sindacale","True","True"
"presente_in_entrambi","09_P9 · 1945–1970 — Massima accelerazione de…","01_Asia sud-occidentale e altopiano iranico","01_Istanbul_Postbellica_Industrializzata","09_P9 · 1945–1970 — Massima accelerazione de…/01_Asia sud-occidentale e altopiano iranico/Centri abitati/01_Istanbul_Postbellica_Industrializzata","True","True"
"presente_in_entrambi","09_P9 · 1945–1970 — Massima accelerazione de…","01_Asia sud-occidentale e altopiano iranico","02_Teheran_Pahlavi_Petrolio_Migrazioni","09_P9 · 1945–1970 — Massima accelerazione de…/01_Asia sud-occidentale e altopiano iranico/Centri abitati/02_Teheran_Pahlavi_Petrolio_Migrazioni","True","True"
"presente_in_entrambi","09_P9 · 1945–1970 — Massima accelerazione de…","01_Asia sud-occidentale e altopiano iranico","03_Baghdad_Repubblicana_Petrolio","09_P9 · 1945–1970 — Massima accelerazione de…/01_Asia sud-occidentale e altopiano iranico/Centri abitati/03_Baghdad_Repubblicana_Petrolio","True","True"
"presente_in_entrambi","09_P9 · 1945–1970 — Massima accelerazione de…","01_Asia sud-occidentale e altopiano iranico","04_Beirut_Bancaria_Cosmopolita","09_P9 · 1945–1970 — Massima accelerazione de…/01_Asia sud-occidentale e altopiano iranico/Centri abitati/04_Beirut_Bancaria_Cosmopolita","True","True"
"presente_in_entrambi","09_P9 · 1945–1970 — Massima accelerazione de…","01_Asia sud-occidentale e altopiano iranico","05_Damasco_Indipendente_Industrializzata","09_P9 · 1945–1970 — Massima accelerazione de…/01_Asia sud-occidentale e altopiano iranico/Centri abitati/05_Damasco_Indipendente_Industrializzata","True","True"
"presente_in_entrambi","09_P9 · 1945–1970 — Massima accelerazione de…","02_Valle del Nilo e Africa nord-orientale","01_Cairo_Nasseriano_Metropolitano","09_P9 · 1945–1970 — Massima accelerazione de…/02_Valle del Nilo e Africa nord-orientale/Centri abitati/01_Cairo_Nasseriano_Metropolitano","True","True"
"presente_in_entrambi","09_P9 · 1945–1970 — Massima accelerazione de…","02_Valle del Nilo e Africa nord-orientale","02_Alessandria_Portuale_Postcoloniale","09_P9 · 1945–1970 — Massima accelerazione de…/02_Valle del Nilo e Africa nord-orientale/Centri abitati/02_Alessandria_Portuale_Postcoloniale","True","True"
"presente_in_entrambi","09_P9 · 1945–1970 — Massima accelerazione de…","02_Valle del Nilo e Africa nord-orientale","03_Khartoum_Indipendente_Conurbazione","09_P9 · 1945–1970 — Massima accelerazione de…/02_Valle del Nilo e Africa nord-orientale/Centri abitati/03_Khartoum_Indipendente_Conurbazione","True","True"
"presente_in_entrambi","09_P9 · 1945–1970 — Massima accelerazione de…","02_Valle del Nilo e Africa nord-orientale","04_Addis_Abeba_Imperiale_Africana","09_P9 · 1945–1970 — Massima accelerazione de…/02_Valle del Nilo e Africa nord-orientale/Centri abitati/04_Addis_Abeba_Imperiale_Africana","True","True"
"presente_in_entrambi","09_P9 · 1945–1970 — Massima accelerazione de…","02_Valle del Nilo e Africa nord-orientale","05_Aswan_Grande_Diga_Nubia","09_P9 · 1945–1970 — Massima accelerazione de…/02_Valle del Nilo e Africa nord-orientale/Centri abitati/05_Aswan_Grande_Diga_Nubia","True","True"
"presente_in_entrambi","09_P9 · 1945–1970 — Massima accelerazione de…","03_Asia meridionale","01_Mumbai","09_P9 · 1945–1970 — Massima accelerazione de…/03_Asia meridionale/Centri abitati/01_Mumbai","True","True"
"presente_in_entrambi","09_P9 · 1945–1970 — Massima accelerazione de…","03_Asia meridionale","02_Kolkata","09_P9 · 1945–1970 — Massima accelerazione de…/03_Asia meridionale/Centri abitati/02_Kolkata","True","True"
"presente_in_entrambi","09_P9 · 1945–1970 — Massima accelerazione de…","03_Asia meridionale","03_Delhi","09_P9 · 1945–1970 — Massima accelerazione de…/03_Asia meridionale/Centri abitati/03_Delhi","True","True"
"presente_in_entrambi","09_P9 · 1945–1970 — Massima accelerazione de…","03_Asia meridionale","04_Karachi","09_P9 · 1945–1970 — Massima accelerazione de…/03_Asia meridionale/Centri abitati/04_Karachi","True","True"
"presente_in_entrambi","09_P9 · 1945–1970 — Massima accelerazione de…","03_Asia meridionale","05_Lahore","09_P9 · 1945–1970 — Massima accelerazione de…/03_Asia meridionale/Centri abitati/05_Lahore","True","True"
"presente_in_entrambi","09_P9 · 1945–1970 — Massima accelerazione de…","03_Asia meridionale","06_Dhaka","09_P9 · 1945–1970 — Massima accelerazione de…/03_Asia meridionale/Centri abitati/06_Dhaka","True","True"
"presente_in_entrambi","09_P9 · 1945–1970 — Massima accelerazione de…","04_Asia orientale","01_Tokyo_Ricostruzione_Olimpiadi_Metropoli","09_P9 · 1945–1970 — Massima accelerazione de…/04_Asia orientale/Centri abitati/01_Tokyo_Ricostruzione_Olimpiadi_Metropoli","True","True"
"presente_in_entrambi","09_P9 · 1945–1970 — Massima accelerazione de…","04_Asia orientale","02_Osaka_Ricostruzione_Industria_Senri","09_P9 · 1945–1970 — Massima accelerazione de…/04_Asia orientale/Centri abitati/02_Osaka_Ricostruzione_Industria_Senri","True","True"
"presente_in_entrambi","09_P9 · 1945–1970 — Massima accelerazione de…","04_Asia orientale","03_Seoul_Guerra_Ricostruzione_Crescita","09_P9 · 1945–1970 — Massima accelerazione de…/04_Asia orientale/Centri abitati/03_Seoul_Guerra_Ricostruzione_Crescita","True","True"
"presente_in_entrambi","09_P9 · 1945–1970 — Massima accelerazione de…","04_Asia orientale","04_Taipei_Rifugiati_Autoritarismo_Industria","09_P9 · 1945–1970 — Massima accelerazione de…/04_Asia orientale/Centri abitati/04_Taipei_Rifugiati_Autoritarismo_Industria","True","True"
"presente_in_entrambi","09_P9 · 1945–1970 — Massima accelerazione de…","04_Asia orientale","05_Shanghai_Socialismo_Industria_Campagne","09_P9 · 1945–1970 — Massima accelerazione de…/04_Asia orientale/Centri abitati/05_Shanghai_Socialismo_Industria_Campagne","True","True"
"presente_in_entrambi","09_P9 · 1945–1970 — Massima accelerazione de…","05_Asia sud-orientale continentale e marittima","01_Jakarta_Indipendenza_Kampung_Capitale","09_P9 · 1945–1970 — Massima accelerazione de…/05_Asia sud-orientale continentale e marittima/Centri abitati/01_Jakarta_Indipendenza_Kampung_Capitale","True","True"
"presente_in_entrambi","09_P9 · 1945–1970 — Massima accelerazione de…","05_Asia sud-orientale continentale e marittima","02_Manila_Ricostruzione_Indipendenza_Metropoli","09_P9 · 1945–1970 — Massima accelerazione de…/05_Asia sud-orientale continentale e marittima/Centri abitati/02_Manila_Ricostruzione_Indipendenza_Metropoli","True","True"
"presente_in_entrambi","09_P9 · 1945–1970 — Massima accelerazione de…","05_Asia sud-orientale continentale e marittima","03_Bangkok_Migrazione_Strade_Autoritarismo","09_P9 · 1945–1970 — Massima accelerazione de…/05_Asia sud-orientale continentale e marittima/Centri abitati/03_Bangkok_Migrazione_Strade_Autoritarismo","True","True"
"presente_in_entrambi","09_P9 · 1945–1970 — Massima accelerazione de…","05_Asia sud-orientale continentale e marittima","04_Singapore_Autogoverno_HDB_Industria","09_P9 · 1945–1970 — Massima accelerazione de…/05_Asia sud-orientale continentale e marittima/Centri abitati/04_Singapore_Autogoverno_HDB_Industria","True","True"
"presente_in_entrambi","09_P9 · 1945–1970 — Massima accelerazione de…","05_Asia sud-orientale continentale e marittima","05_Saigon_Guerra_Rifugiati_Capitale","09_P9 · 1945–1970 — Massima accelerazione de…/05_Asia sud-orientale continentale e marittima/Centri abitati/05_Saigon_Guerra_Rifugiati_Capitale","True","True"
"presente_in_entrambi","09_P9 · 1945–1970 — Massima accelerazione de…","06_Mediterraneo europeo ed Europa centro-occidentale","01_Londra_Ricostruzione_Welfare_Grande_Smog","09_P9 · 1945–1970 — Massima accelerazione de…/06_Mediterraneo europeo ed Europa centro-occidentale/Centri abitati/01_Londra_Ricostruzione_Welfare_Grande_Smog","True","True"
"presente_in_entrambi","09_P9 · 1945–1970 — Massima accelerazione de…","06_Mediterraneo europeo ed Europa centro-occidentale","02_Parigi_Grands_Ensembles_Bidonvilles_Decolonizzazione","09_P9 · 1945–1970 — Massima accelerazione de…/06_Mediterraneo europeo ed Europa centro-occidentale/Centri abitati/02_Parigi_Grands_Ensembles_Bidonvilles_Decolonizzazione","True","True"
"presente_in_entrambi","09_P9 · 1945–1970 — Massima accelerazione de…","06_Mediterraneo europeo ed Europa centro-occidentale","03_Mosca_Edilizia_di_Massa_Capitale_Sovietica","09_P9 · 1945–1970 — Massima accelerazione de…/06_Mediterraneo europeo ed Europa centro-occidentale/Centri abitati/03_Mosca_Edilizia_di_Massa_Capitale_Sovietica","True","True"
"presente_in_entrambi","09_P9 · 1945–1970 — Massima accelerazione de…","06_Mediterraneo europeo ed Europa centro-occidentale","04_Milano_Miracolo_Economico_Migrazione_Alloggi","09_P9 · 1945–1970 — Massima accelerazione de…/06_Mediterraneo europeo ed Europa centro-occidentale/Centri abitati/04_Milano_Miracolo_Economico_Migrazione_Alloggi","True","True"
"presente_in_entrambi","09_P9 · 1945–1970 — Massima accelerazione de…","06_Mediterraneo europeo ed Europa centro-occidentale","05_Berlino_Divisa_Ricostruzione_Muro","09_P9 · 1945–1970 — Massima accelerazione de…/06_Mediterraneo europeo ed Europa centro-occidentale/Centri abitati/05_Berlino_Divisa_Ricostruzione_Muro","True","True"
"presente_in_entrambi","09_P9 · 1945–1970 — Massima accelerazione de…","07_Africa subsahariana","01_Lagos_Indipendenza_Porto_Crescita_Urbana","09_P9 · 1945–1970 — Massima accelerazione de…/07_Africa subsahariana/Centri abitati/01_Lagos_Indipendenza_Porto_Crescita_Urbana","True","True"
"presente_in_entrambi","09_P9 · 1945–1970 — Massima accelerazione de…","07_Africa subsahariana","02_Kinshasa_Indipendenza_Crisi_Crescita","09_P9 · 1945–1970 — Massima accelerazione de…/07_Africa subsahariana/Centri abitati/02_Kinshasa_Indipendenza_Crisi_Crescita","True","True"
"presente_in_entrambi","09_P9 · 1945–1970 — Massima accelerazione de…","07_Africa subsahariana","03_Nairobi_Indipendenza_Segregazione_Espansione","09_P9 · 1945–1970 — Massima accelerazione de…/07_Africa subsahariana/Centri abitati/03_Nairobi_Indipendenza_Segregazione_Espansione","True","True"
"presente_in_entrambi","09_P9 · 1945–1970 — Massima accelerazione de…","07_Africa subsahariana","04_Abidjan_Porto_Indipendenza_Industrializzazione","09_P9 · 1945–1970 — Massima accelerazione de…/07_Africa subsahariana/Centri abitati/04_Abidjan_Porto_Indipendenza_Industrializzazione","True","True"
"presente_in_entrambi","09_P9 · 1945–1970 — Massima accelerazione de…","07_Africa subsahariana","05_Johannesburg_Apartheid_Industria_Resistenza","09_P9 · 1945–1970 — Massima accelerazione de…/07_Africa subsahariana/Centri abitati/05_Johannesburg_Apartheid_Industria_Resistenza","True","True"
"presente_in_entrambi","09_P9 · 1945–1970 — Massima accelerazione de…","08_Mesoamerica","01_Citta_del_Messico_Industrializzazione_Metropolitana_Repressione","09_P9 · 1945–1970 — Massima accelerazione de…/08_Mesoamerica/Centri abitati/01_Citta_del_Messico_Industrializzazione_Metropolitana_Repressione","True","True"
"presente_in_entrambi","09_P9 · 1945–1970 — Massima accelerazione de…","08_Mesoamerica","02_Monterrey_Industria_Metropoli_Tejabanes","09_P9 · 1945–1970 — Massima accelerazione de…/08_Mesoamerica/Centri abitati/02_Monterrey_Industria_Metropoli_Tejabanes","True","True"
"presente_in_entrambi","09_P9 · 1945–1970 — Massima accelerazione de…","08_Mesoamerica","03_Guadalajara_Industrializzazione_Suburbanizzazione_Disuguaglianza","09_P9 · 1945–1970 — Massima accelerazione de…/08_Mesoamerica/Centri abitati/03_Guadalajara_Industrializzazione_Suburbanizzazione_Disuguaglianza","True","True"
"presente_in_entrambi","09_P9 · 1945–1970 — Massima accelerazione de…","08_Mesoamerica","04_Citta_del_Guatemala_Modernizzazione_Colpo_di_Stato_Conflitto","09_P9 · 1945–1970 — Massima accelerazione de…/08_Mesoamerica/Centri abitati/04_Citta_del_Guatemala_Modernizzazione_Colpo_di_Stato_Conflitto","True","True"
"presente_in_entrambi","09_P9 · 1945–1970 — Massima accelerazione de…","08_Mesoamerica","05_San_Salvador_Industrializzazione_Vivienda_Guerra_1969","09_P9 · 1945–1970 — Massima accelerazione de…/08_Mesoamerica/Centri abitati/05_San_Salvador_Industrializzazione_Vivienda_Guerra_1969","True","True"
"presente_in_entrambi","09_P9 · 1945–1970 — Massima accelerazione de…","09_Ande centrali","01_Lima_Migrazione_Barriadas_Industrializzazione","09_P9 · 1945–1970 — Massima accelerazione de…/09_Ande centrali/Centri abitati/01_Lima_Migrazione_Barriadas_Industrializzazione","True","True"
"presente_in_entrambi","09_P9 · 1945–1970 — Massima accelerazione de…","09_Ande centrali","02_Santiago_Vivienda_Pianificazione_Smog","09_P9 · 1945–1970 — Massima accelerazione de…/09_Ande centrali/Centri abitati/02_Santiago_Vivienda_Pianificazione_Smog","True","True"
"presente_in_entrambi","09_P9 · 1945–1970 — Massima accelerazione de…","09_Ande centrali","03_La_Paz_Rivoluzione_Migrazione_El_Alto","09_P9 · 1945–1970 — Massima accelerazione de…/09_Ande centrali/Centri abitati/03_La_Paz_Rivoluzione_Migrazione_El_Alto","True","True"
"presente_in_entrambi","09_P9 · 1945–1970 — Massima accelerazione de…","09_Ande centrali","04_Quito_Pianificazione_Segregazione_Modernizzazione","09_P9 · 1945–1970 — Massima accelerazione de…/09_Ande centrali/Centri abitati/04_Quito_Pianificazione_Segregazione_Modernizzazione","True","True"
"presente_in_entrambi","09_P9 · 1945–1970 — Massima accelerazione de…","09_Ande centrali","05_Valparaiso_Porto_Cerros_Terremoto","09_P9 · 1945–1970 — Massima accelerazione de…/09_Ande centrali/Centri abitati/05_Valparaiso_Porto_Cerros_Terremoto","True","True"
"presente_in_entrambi","09_P9 · 1945–1970 — Massima accelerazione de…","10_America settentrionale precoloniale e coloniale","01_New_York_Autostrade_Urban_Renewal_Diritti_Civili","09_P9 · 1945–1970 — Massima accelerazione de…/10_America settentrionale precoloniale e coloniale/Centri abitati/01_New_York_Autostrade_Urban_Renewal_Diritti_Civili","True","True"
"presente_in_entrambi","09_P9 · 1945–1970 — Massima accelerazione de…","10_America settentrionale precoloniale e coloniale","02_Los_Angeles_Freeway_Smog_Watts","09_P9 · 1945–1970 — Massima accelerazione de…/10_America settentrionale precoloniale e coloniale/Centri abitati/02_Los_Angeles_Freeway_Smog_Watts","True","True"
"presente_in_entrambi","09_P9 · 1945–1970 — Massima accelerazione de…","10_America settentrionale precoloniale e coloniale","03_Chicago_Expressways_Public_Housing_Segregazione","09_P9 · 1945–1970 — Massima accelerazione de…/10_America settentrionale precoloniale e coloniale/Centri abitati/03_Chicago_Expressways_Public_Housing_Segregazione","True","True"
"presente_in_entrambi","09_P9 · 1945–1970 — Massima accelerazione de…","10_America settentrionale precoloniale e coloniale","04_Toronto_Metro_Subway_Urban_Renewal","09_P9 · 1945–1970 — Massima accelerazione de…/10_America settentrionale precoloniale e coloniale/Centri abitati/04_Toronto_Metro_Subway_Urban_Renewal","True","True"
"presente_in_entrambi","09_P9 · 1945–1970 — Massima accelerazione de…","10_America settentrionale precoloniale e coloniale","05_Montreal_Rivoluzione_Tranquilla_Metro_Expo67","09_P9 · 1945–1970 — Massima accelerazione de…/10_America settentrionale precoloniale e coloniale/Centri abitati/05_Montreal_Rivoluzione_Tranquilla_Metro_Expo67","True","True"
"presente_in_entrambi","09_P9 · 1945–1970 — Massima accelerazione de…","11_Oceania e Pacifico","01_Sydney_Immigrazione_Suburbio_Edilizia_Pubblica","09_P9 · 1945–1970 — Massima accelerazione de…/11_Oceania e Pacifico/Centri abitati/01_Sydney_Immigrazione_Suburbio_Edilizia_Pubblica","True","True"
"presente_in_entrambi","09_P9 · 1945–1970 — Massima accelerazione de…","11_Oceania e Pacifico","02_Melbourne_Migrazione_Industria_High_Rise_Suburbio","09_P9 · 1945–1970 — Massima accelerazione de…/11_Oceania e Pacifico/Centri abitati/02_Melbourne_Migrazione_Industria_High_Rise_Suburbio","True","True"
"presente_in_entrambi","09_P9 · 1945–1970 — Massima accelerazione de…","11_Oceania e Pacifico","03_Auckland_Motorizzazione_Migrazione_Maori_Suburbio","09_P9 · 1945–1970 — Massima accelerazione de…/11_Oceania e Pacifico/Centri abitati/03_Auckland_Motorizzazione_Migrazione_Maori_Suburbio","True","True"
"presente_in_entrambi","09_P9 · 1945–1970 — Massima accelerazione de…","11_Oceania e Pacifico","04_Wellington_Capitale_Alloggi_Motorway_Migrazioni","09_P9 · 1945–1970 — Massima accelerazione de…/11_Oceania e Pacifico/Centri abitati/04_Wellington_Capitale_Alloggi_Motorway_Migrazioni","True","True"
"presente_in_entrambi","09_P9 · 1945–1970 — Massima accelerazione de…","11_Oceania e Pacifico","05_Honolulu_Statehood_Turismo_Motorizzazione_Terra","09_P9 · 1945–1970 — Massima accelerazione de…/11_Oceania e Pacifico/Centri abitati/05_Honolulu_Statehood_Turismo_Motorizzazione_Terra","True","True"
"presente_in_entrambi","10_P10 · 1970–oggi — Metropolizzazione, glob…","01_Asia sud-occidentale e altopiano iranico","01_Istanbul_Metropoli_Ponti_Metro_Rischio_Sismico","10_P10 · 1970–oggi — Metropolizzazione, glob…/01_Asia sud-occidentale e altopiano iranico/Centri abitati/01_Istanbul_Metropoli_Ponti_Metro_Rischio_Sismico","True","True"
"presente_in_entrambi","10_P10 · 1970–oggi — Metropolizzazione, glob…","01_Asia sud-occidentale e altopiano iranico","02_Teheran_Rivoluzione_Guerra_Metro_Inquinamento","10_P10 · 1970–oggi — Metropolizzazione, glob…/01_Asia sud-occidentale e altopiano iranico/Centri abitati/02_Teheran_Rivoluzione_Guerra_Metro_Inquinamento","True","True"
"presente_in_entrambi","10_P10 · 1970–oggi — Metropolizzazione, glob…","01_Asia sud-occidentale e altopiano iranico","03_Baghdad_Guerre_Sfollamenti_Acqua_Ricostruzione","10_P10 · 1970–oggi — Metropolizzazione, glob…/01_Asia sud-occidentale e altopiano iranico/Centri abitati/03_Baghdad_Guerre_Sfollamenti_Acqua_Ricostruzione","True","True"
"presente_in_entrambi","10_P10 · 1970–oggi — Metropolizzazione, glob…","01_Asia sud-occidentale e altopiano iranico","04_Riyadh_Petrolio_Automobile_Mega_Progetti_Metro","10_P10 · 1970–oggi — Metropolizzazione, glob…/01_Asia sud-occidentale e altopiano iranico/Centri abitati/04_Riyadh_Petrolio_Automobile_Mega_Progetti_Metro","True","True"
"presente_in_entrambi","10_P10 · 1970–oggi — Metropolizzazione, glob…","01_Asia sud-occidentale e altopiano iranico","05_Dubai_Porto_Aviazione_Migrazione_Globalizzazione","10_P10 · 1970–oggi — Metropolizzazione, glob…/01_Asia sud-occidentale e altopiano iranico/Centri abitati/05_Dubai_Porto_Aviazione_Migrazione_Globalizzazione","True","True"
"presente_in_entrambi","10_P10 · 1970–oggi — Metropolizzazione, glob…","02_Valle del Nilo e Africa nord-orientale","01_Cairo_Megacitta_Informalita_Metro_Inquinamento","10_P10 · 1970–oggi — Metropolizzazione, glob…/02_Valle del Nilo e Africa nord-orientale/Centri abitati/01_Cairo_Megacitta_Informalita_Metro_Inquinamento","True","True"
"presente_in_entrambi","10_P10 · 1970–oggi — Metropolizzazione, glob…","02_Valle del Nilo e Africa nord-orientale","02_Alessandria_Porto_Costa_Industria_Rischio_Climatico","10_P10 · 1970–oggi — Metropolizzazione, glob…/02_Valle del Nilo e Africa nord-orientale/Centri abitati/02_Alessandria_Porto_Costa_Industria_Rischio_Climatico","True","True"
"presente_in_entrambi","10_P10 · 1970–oggi — Metropolizzazione, glob…","02_Valle del Nilo e Africa nord-orientale","03_Khartoum_Crescita_Informale_Guerra_Sfollamenti_Ritorni","10_P10 · 1970–oggi — Metropolizzazione, glob…/02_Valle del Nilo e Africa nord-orientale/Centri abitati/03_Khartoum_Crescita_Informale_Guerra_Sfollamenti_Ritorni","True","True"
"presente_in_entrambi","10_P10 · 1970–oggi — Metropolizzazione, glob…","02_Valle del Nilo e Africa nord-orientale","04_Addis_Abeba_Crescita_Condomini_Mobilita_Trasformazione","10_P10 · 1970–oggi — Metropolizzazione, glob…/02_Valle del Nilo e Africa nord-orientale/Centri abitati/04_Addis_Abeba_Crescita_Condomini_Mobilita_Trasformazione","True","True"
"presente_in_entrambi","10_P10 · 1970–oggi — Metropolizzazione, glob…","02_Valle del Nilo e Africa nord-orientale","05_Nuova_Capitale_Amministrativa_Citta_Nuova_Istituzioni","10_P10 · 1970–oggi — Metropolizzazione, glob…/02_Valle del Nilo e Africa nord-orientale/Centri abitati/05_Nuova_Capitale_Amministrativa_Citta_Nuova_Istituzioni","True","True"
"presente_in_entrambi","10_P10 · 1970–oggi — Metropolizzazione, glob…","03_Asia meridionale","01_Delhi_Megacitta_Metro_Aria_Disuguaglianze","10_P10 · 1970–oggi — Metropolizzazione, glob…/03_Asia meridionale/Centri abitati/01_Delhi_Megacitta_Metro_Aria_Disuguaglianze","True","True"
"presente_in_entrambi","10_P10 · 1970–oggi — Metropolizzazione, glob…","03_Asia meridionale","02_Mumbai_Finanza_Trasporti_Informalita_Rischio_Costiero","10_P10 · 1970–oggi — Metropolizzazione, glob…/03_Asia meridionale/Centri abitati/02_Mumbai_Finanza_Trasporti_Informalita_Rischio_Costiero","True","True"
"presente_in_entrambi","10_P10 · 1970–oggi — Metropolizzazione, glob…","03_Asia meridionale","03_Dhaka_Industria_Tessile_Metro_Acqua_Alluvioni","10_P10 · 1970–oggi — Metropolizzazione, glob…/03_Asia meridionale/Centri abitati/03_Dhaka_Industria_Tessile_Metro_Acqua_Alluvioni","True","True"
"presente_in_entrambi","10_P10 · 1970–oggi — Metropolizzazione, glob…","03_Asia meridionale","04_Karachi_Porto_Industria_Acqua_Mobilita_Clima","10_P10 · 1970–oggi — Metropolizzazione, glob…/03_Asia meridionale/Centri abitati/04_Karachi_Porto_Industria_Acqua_Mobilita_Clima","True","True"
"presente_in_entrambi","10_P10 · 1970–oggi — Metropolizzazione, glob…","03_Asia meridionale","05_Bengaluru_Tecnologia_Metro_Acqua_Espansione","10_P10 · 1970–oggi — Metropolizzazione, glob…/03_Asia meridionale/Centri abitati/05_Bengaluru_Tecnologia_Metro_Acqua_Espansione","True","True"
"presente_in_entrambi","10_P10 · 1970–oggi — Metropolizzazione, glob…","04_Asia orientale","01_Tokyo_Ricerca_Trasporti_Invecchiamento_Resilienza","10_P10 · 1970–oggi — Metropolizzazione, glob…/04_Asia orientale/Centri abitati/01_Tokyo_Ricerca_Trasporti_Invecchiamento_Resilienza","True","True"
"presente_in_entrambi","10_P10 · 1970–oggi — Metropolizzazione, glob…","04_Asia orientale","02_Seoul_Metro_Digitale_Alloggi_Rigenerazione","10_P10 · 1970–oggi — Metropolizzazione, glob…/04_Asia orientale/Centri abitati/02_Seoul_Metro_Digitale_Alloggi_Rigenerazione","True","True"
"presente_in_entrambi","10_P10 · 1970–oggi — Metropolizzazione, glob…","04_Asia orientale","03_Shanghai_Pudong_Metro_Innovazione_Clima","10_P10 · 1970–oggi — Metropolizzazione, glob…/04_Asia orientale/Centri abitati/03_Shanghai_Pudong_Metro_Innovazione_Clima","True","True"
"presente_in_entrambi","10_P10 · 1970–oggi — Metropolizzazione, glob…","04_Asia orientale","04_Pechino_Capitale_Metro_Aria_Controllo_Urbano","10_P10 · 1970–oggi — Metropolizzazione, glob…/04_Asia orientale/Centri abitati/04_Pechino_Capitale_Metro_Aria_Controllo_Urbano","True","True"
"presente_in_entrambi","10_P10 · 1970–oggi — Metropolizzazione, glob…","04_Asia orientale","05_Shenzhen_Zona_Economica_Tecnologia_Migranti","10_P10 · 1970–oggi — Metropolizzazione, glob…/04_Asia orientale/Centri abitati/05_Shenzhen_Zona_Economica_Tecnologia_Migranti","True","True"
"presente_in_entrambi","10_P10 · 1970–oggi — Metropolizzazione, glob…","05_Asia sud-orientale continentale e marittima","01_Jakarta_Metropoli_Trasporti_Subsidenza_Clima","10_P10 · 1970–oggi — Metropolizzazione, glob…/05_Asia sud-orientale continentale e marittima/Centri abitati/01_Jakarta_Metropoli_Trasporti_Subsidenza_Clima","True","True"
"presente_in_entrambi","10_P10 · 1970–oggi — Metropolizzazione, glob…","05_Asia sud-orientale continentale e marittima","02_Manila_Megaregione_Trasporti_Alluvioni_Disuguaglianze","10_P10 · 1970–oggi — Metropolizzazione, glob…/05_Asia sud-orientale continentale e marittima/Centri abitati/02_Manila_Megaregione_Trasporti_Alluvioni_Disuguaglianze","True","True"
"presente_in_entrambi","10_P10 · 1970–oggi — Metropolizzazione, glob…","05_Asia sud-orientale continentale e marittima","03_Bangkok_Megacitta_Metro_Turismo_Clima","10_P10 · 1970–oggi — Metropolizzazione, glob…/05_Asia sud-orientale continentale e marittima/Centri abitati/03_Bangkok_Megacitta_Metro_Turismo_Clima","True","True"
"presente_in_entrambi","10_P10 · 1970–oggi — Metropolizzazione, glob…","05_Asia sud-orientale continentale e marittima","04_Singapore_Porti_HDB_MRT_Clima_Migranti","10_P10 · 1970–oggi — Metropolizzazione, glob…/05_Asia sud-orientale continentale e marittima/Centri abitati/04_Singapore_Porti_HDB_MRT_Clima_Migranti","True","True"
"presente_in_entrambi","10_P10 · 1970–oggi — Metropolizzazione, glob…","05_Asia sud-orientale continentale e marittima","05_Ho_Chi_Minh_City_Industria_Metro_Alluvioni_Ricollocazioni","10_P10 · 1970–oggi — Metropolizzazione, glob…/05_Asia sud-orientale continentale e marittima/Centri abitati/05_Ho_Chi_Minh_City_Industria_Metro_Alluvioni_Ricollocazioni","True","True"
"presente_in_entrambi","10_P10 · 1970–oggi — Metropolizzazione, glob…","06_Mediterraneo europeo ed Europa centro-occidentale","01_Londra_Finanza_Trasporti_Alloggi_Clima","10_P10 · 1970–oggi — Metropolizzazione, glob…/06_Mediterraneo europeo ed Europa centro-occidentale/Centri abitati/01_Londra_Finanza_Trasporti_Alloggi_Clima","True","True"
"presente_in_entrambi","10_P10 · 1970–oggi — Metropolizzazione, glob…","06_Mediterraneo europeo ed Europa centro-occidentale","02_Parigi_Grand_Paris_Alloggi_Clima_Disuguaglianze","10_P10 · 1970–oggi — Metropolizzazione, glob…/06_Mediterraneo europeo ed Europa centro-occidentale/Centri abitati/02_Parigi_Grand_Paris_Alloggi_Clima_Disuguaglianze","True","True"
"presente_in_entrambi","10_P10 · 1970–oggi — Metropolizzazione, glob…","06_Mediterraneo europeo ed Europa centro-occidentale","03_Mosca_Trasporti_Rigenerazione_Autoritarismo_Guerra","10_P10 · 1970–oggi — Metropolizzazione, glob…/06_Mediterraneo europeo ed Europa centro-occidentale/Centri abitati/03_Mosca_Trasporti_Rigenerazione_Autoritarismo_Guerra","True","True"
"presente_in_entrambi","10_P10 · 1970–oggi — Metropolizzazione, glob…","06_Mediterraneo europeo ed Europa centro-occidentale","04_Istanbul_Europea_Rigenerazione_Metro_Sisma_Migrazioni","10_P10 · 1970–oggi — Metropolizzazione, glob…/06_Mediterraneo europeo ed Europa centro-occidentale/Centri abitati/04_Istanbul_Europea_Rigenerazione_Metro_Sisma_Migrazioni","True","True"
"presente_in_entrambi","10_P10 · 1970–oggi — Metropolizzazione, glob…","06_Mediterraneo europeo ed Europa centro-occidentale","05_Milano_Servizi_M4_Rigenerazione_Clima_Alloggi","10_P10 · 1970–oggi — Metropolizzazione, glob…/06_Mediterraneo europeo ed Europa centro-occidentale/Centri abitati/05_Milano_Servizi_M4_Rigenerazione_Clima_Alloggi","True","True"
"presente_in_entrambi","10_P10 · 1970–oggi — Metropolizzazione, glob…","07_Mesoamerica","01_Citta_del_Messico_Mobilita_Acqua_Sisma_Clima","10_P10 · 1970–oggi — Metropolizzazione, glob…/07_Mesoamerica/Centri abitati/01_Citta_del_Messico_Mobilita_Acqua_Sisma_Clima","True","True"
"presente_in_entrambi","10_P10 · 1970–oggi — Metropolizzazione, glob…","07_Mesoamerica","02_Monterrey_Industria_Acqua_Aria_Metro","10_P10 · 1970–oggi — Metropolizzazione, glob…/07_Mesoamerica/Centri abitati/02_Monterrey_Industria_Acqua_Aria_Metro","True","True"
"presente_in_entrambi","10_P10 · 1970–oggi — Metropolizzazione, glob…","07_Mesoamerica","03_Guadalajara_Tecnologia_Mobilita_Clima_Acqua","10_P10 · 1970–oggi — Metropolizzazione, glob…/07_Mesoamerica/Centri abitati/03_Guadalajara_Tecnologia_Mobilita_Clima_Acqua","True","True"
"presente_in_entrambi","10_P10 · 1970–oggi — Metropolizzazione, glob…","07_Mesoamerica","04_Citta_del_Guatemala_Transmetro_Informalita_Rischio_Memoria","10_P10 · 1970–oggi — Metropolizzazione, glob…/07_Mesoamerica/Centri abitati/04_Citta_del_Guatemala_Transmetro_Informalita_Rischio_Memoria","True","True"
"presente_in_entrambi","10_P10 · 1970–oggi — Metropolizzazione, glob…","07_Mesoamerica","05_San_Jose_GAM_Mobilita_Servizi_Rischio","10_P10 · 1970–oggi — Metropolizzazione, glob…/07_Mesoamerica/Centri abitati/05_San_Jose_GAM_Mobilita_Servizi_Rischio","True","True"
"presente_in_entrambi","10_P10 · 1970–oggi — Metropolizzazione, glob…","08_Ande centrali","01_Lima_Trasporto_Acqua_Informalita_Rischio_Costiero","10_P10 · 1970–oggi — Metropolizzazione, glob…/08_Ande centrali/Centri abitati/01_Lima_Trasporto_Acqua_Informalita_Rischio_Costiero","True","True"
"presente_in_entrambi","10_P10 · 1970–oggi — Metropolizzazione, glob…","08_Ande centrali","02_Santiago_Metro_Elettromobilita_Alloggi_Clima_Diritti","10_P10 · 1970–oggi — Metropolizzazione, glob…/08_Ande centrali/Centri abitati/02_Santiago_Metro_Elettromobilita_Alloggi_Clima_Diritti","True","True"
"presente_in_entrambi","10_P10 · 1970–oggi — Metropolizzazione, glob…","08_Ande centrali","03_Bogota_Corridoio_TransMilenio_Metro_Clima_Disuguaglianze","10_P10 · 1970–oggi — Metropolizzazione, glob…/08_Ande centrali/Centri abitati/03_Bogota_Corridoio_TransMilenio_Metro_Clima_Disuguaglianze","True","True"
"presente_in_entrambi","10_P10 · 1970–oggi — Metropolizzazione, glob…","08_Ande centrali","04_Quito_Metro_Pendii_Alloggi_Clima_Patrimonio","10_P10 · 1970–oggi — Metropolizzazione, glob…/08_Ande centrali/Centri abitati/04_Quito_Metro_Pendii_Alloggi_Clima_Patrimonio","True","True"
"presente_in_entrambi","10_P10 · 1970–oggi — Metropolizzazione, glob…","08_Ande centrali","05_La_Paz_El_Alto_Teleferico_Acqua_Pendii_Indigeni","10_P10 · 1970–oggi — Metropolizzazione, glob…/08_Ande centrali/Centri abitati/05_La_Paz_El_Alto_Teleferico_Acqua_Pendii_Indigeni","True","True"
"presente_in_entrambi","10_P10 · 1970–oggi — Metropolizzazione, glob…","09_America settentrionale precoloniale e coloniale","01_New_York_Finanza_Alloggi_Trasporto_Clima","10_P10 · 1970–oggi — Metropolizzazione, glob…/09_America settentrionale precoloniale e coloniale/Centri abitati/01_New_York_Finanza_Alloggi_Trasporto_Clima","True","True"
"presente_in_entrambi","10_P10 · 1970–oggi — Metropolizzazione, glob…","09_America settentrionale precoloniale e coloniale","02_Los_Angeles_Trasporto_Alloggi_Clima_Disuguaglianze","10_P10 · 1970–oggi — Metropolizzazione, glob…/09_America settentrionale precoloniale e coloniale/Centri abitati/02_Los_Angeles_Trasporto_Alloggi_Clima_Disuguaglianze","True","True"
"presente_in_entrambi","10_P10 · 1970–oggi — Metropolizzazione, glob…","09_America settentrionale precoloniale e coloniale","03_Toronto_Trasporto_Alloggi_Clima_Riconciliazione","10_P10 · 1970–oggi — Metropolizzazione, glob…/09_America settentrionale precoloniale e coloniale/Centri abitati/03_Toronto_Trasporto_Alloggi_Clima_Riconciliazione","True","True"
"presente_in_entrambi","10_P10 · 1970–oggi — Metropolizzazione, glob…","09_America settentrionale precoloniale e coloniale","04_Chicago_Trasporto_Segregazione_Clima_Industria","10_P10 · 1970–oggi — Metropolizzazione, glob…/09_America settentrionale precoloniale e coloniale/Centri abitati/04_Chicago_Trasporto_Segregazione_Clima_Industria","True","True"
"presente_in_entrambi","10_P10 · 1970–oggi — Metropolizzazione, glob…","09_America settentrionale precoloniale e coloniale","05_Houston_Energia_Logistica_Alluvioni_Alloggi","10_P10 · 1970–oggi — Metropolizzazione, glob…/09_America settentrionale precoloniale e coloniale/Centri abitati/05_Houston_Energia_Logistica_Alluvioni_Alloggi","True","True"
